prec,temp,ides,idmun
0.0,14.37,,
0.0,12.97,,
0.0,12.96,,
0.0,13.39,,
0.0,13.44,,
0.0,13.85,,
0.0,13.15,,
0.0,11.35,,
0.0,13.63,,
0.0,13.4,,
0.0,13.91,,
0.0,13.04,,
0.0,19.37,,
0.0,10.95,,
0.0,12.94,,
0.0,14.27,,
0.0,15.83,,
0.0,14.04,,
0.0,17.24,,
0.0,18.54,,
0.0,16.67,,
0.0,24.33,,
0.0,24.41,,
0.15,24.55,,
0.04,24.87,,
0.0,23.98,,
0.0,22.29,,
0.2,22.51,,
0.0,24.48,,
0.03,24.54,,
0.23,23.54,,
0.27,24.51,,
0.0,18.46,,
0.0,16.21,,
0.0,16.54,,
0.0,9.66,,
0.0,16.82,,
0.0,15.29,,
0.0,17.84,,
0.0,16.1,,
0.0,18.18,,
0.03,12.39,,
0.0,17.7,,
0.0,17.78,,
0.0,17.33,,
0.0,17.76,,
0.0,14.95,,
0.05,16.44,,
0.0,17.85,,
0.0,16.51,,
0.0,12.24,,
0.0,15.91,,
0.0,17.73,,
0.0,14.44,,
0.12,13.97,,
0.0,17.37,,
0.0,17.99,,
0.0,17.41,,
0.0,16.88,,
0.1,10.95,,
0.0,12.33,,
0.0,16.58,,
0.0,15.66,,
0.0,14.89,,
0.36,16.2,,
0.4,16.25,,
0.0,16.45,,
0.0,15.14,,
0.0,19.96,,
0.0,18.2,,
0.0,17.01,,
0.0,18.39,,
0.0,16.64,,
0.0,18.5,,
0.0,20.77,,
0.0,17.21,,
0.0,22.0,,
0.0,17.81,,
0.1,19.04,,
0.0,21.74,,
0.08,24.1,,
0.11,16.03,,
0.31,19.42,,
0.01,14.01,,
0.04,13.46,,
0.06,17.41,,
0.0,26.87,,
0.0,13.13,,
0.0,14.82,,
0.23,20.07,,
0.24,16.67,,
0.1,14.88,,
0.02,17.9,,
0.37,22.67,,
0.45,23.0,,
0.32,18.99,,
0.1,15.09,,
0.05,17.7,,
0.28,19.13,,
0.1,12.98,,
0.04,13.45,,
0.16,13.4,,
0.52,18.96,,
0.06,12.53,,
0.06,21.48,,
0.0,21.96,,
0.15,18.55,,
0.0,17.27,,
0.13,18.13,,
0.1,18.95,,
0.55,20.91,,
0.0,18.14,,
0.0,25.88,,
0.02,13.25,,
0.1,23.55,,
0.14,11.91,,
0.18,15.7,,
0.1,23.67,,
0.1,15.75,,
0.5,16.76,,
0.48,20.35,,
0.06,17.0,,
0.33,20.59,,
0.19,23.47,,
0.25,13.75,,
1.21,23.6,,
0.1,12.82,,
0.4,23.23,,
0.1,19.73,,
0.1,16.18,,
0.08,13.04,,
0.1,26.28,,
0.0,24.88,,
0.04,11.26,,
0.1,15.61,,
0.0,19.71,,
0.61,19.98,,
0.43,19.42,,
0.54,20.55,,
2.2,22.93,,
0.08,19.67,,
0.2,13.19,,
0.61,22.81,,
0.1,14.58,,
0.5,17.64,,
1.57,22.57,,
0.04,22.11,,
0.06,13.38,,
0.1,24.26,,
0.5,14.64,,
0.5,15.85,,
0.9,24.53,,
0.0,16.57,,
0.2,17.36,,
0.07,21.41,,
0.04,14.83,,
0.2,19.58,,
0.06,13.53,,
0.13,14.44,,
0.11,15.05,,
0.01,19.28,,
0.45,18.36,,
0.1,17.91,,
0.0,21.78,,
0.01,27.02,,
0.98,22.96,,
0.08,22.99,,
0.46,18.27,,
0.5,16.4,,
1.38,22.7,,
0.16,11.59,,
0.05,15.07,,
0.2,18.86,,
0.0,25.83,,
0.0,20.56,,
0.1,17.43,,
0.13,18.45,,
0.04,20.78,,
0.0,23.2,,
0.09,20.63,,
0.04,18.3,,
0.0,17.02,,
0.0,20.97,,
0.0,21.24,,
0.0,23.12,,
0.11,16.63,,
0.0,19.68,,
0.0,17.95,,
0.13,13.63,,
0.0,12.39,,
0.1,22.05,,
0.1,19.46,,
0.1,21.87,,
0.02,17.2,,
0.15,14.01,,
0.1,12.48,,
0.5,14.9,,
0.0,24.8,,
0.0,24.93,,
0.63,23.35,,
0.0,13.69,,
0.0,15.11,,
0.0,15.69,,
0.0,16.11,,
0.0,15.97,,
0.0,10.09,,
0.0,7.4,,
0.0,17.34,,
0.0,9.0,,
0.0,13.33,,
0.0,12.1,,
0.0,9.99,,
0.0,14.5,,
0.0,15.17,,
0.0,14.62,,
0.0,10.38,,
0.0,12.31,,
0.0,11.87,,
0.0,16.76,,
0.0,16.31,,
0.0,15.05,,
0.0,13.48,,
0.0,13.37,,
0.0,8.85,,
0.0,9.72,,
0.0,14.52,,
0.0,9.47,,
0.0,18.7,,
0.0,10.72,,
0.0,14.92,,
0.0,9.25,,
0.0,13.8,,
0.0,15.52,,
0.0,16.27,,
0.0,15.78,,
0.0,15.73,,
0.0,7.63,,
0.0,15.81,,
0.0,16.06,,
0.0,7.81,,
0.0,13.41,,
0.0,15.67,,
0.0,9.4,,
0.0,8.57,,
0.0,11.79,,
0.0,12.63,,
0.0,12.0,,
0.0,16.43,,
0.0,16.05,,
0.0,9.75,,
0.0,15.51,,
0.0,12.69,,
0.0,13.7,,
0.0,16.81,,
0.0,12.9,,
0.0,15.96,,
0.0,16.34,,
0.0,7.67,,
0.0,13.95,,
0.0,19.61,,
0.1,11.97,,
0.0,12.5,,
0.15,7.87,,
0.08,13.41,,
0.0,13.83,,
0.09,13.5,,
0.12,8.02,,
0.1,13.97,,
0.13,10.78,,
0.1,13.35,,
0.1,10.7,,
0.1,13.11,,
0.0,13.28,,
0.0,13.17,,
0.11,11.57,,
0.0,13.96,,
0.0,11.06,,
0.0,13.54,,
0.3,14.59,,
0.0,10.31,,
0.3,16.03,,
0.0,16.28,,
0.0,15.04,,
0.0,8.54,,
0.0,14.47,,
0.0,15.26,,
0.03,15.09,,
0.0,10.99,,
0.0,16.17,,
0.0,14.23,,
0.0,12.32,,
0.0,14.63,,
0.0,8.33,,
0.0,14.87,,
0.1,14.95,,
0.0,15.42,,
0.0,10.7,,
0.0,15.54,,
0.0,12.71,,
0.0,8.4,,
0.14,15.76,,
0.0,15.49,,
0.0,14.79,,
0.01,14.73,,
0.0,9.87,,
0.0,9.83,,
0.0,8.51,,
0.0,17.83,,
0.0,11.28,,
0.0,14.03,,
0.0,10.91,,
0.0,17.14,,
0.0,12.29,,
0.02,13.68,,
0.0,14.74,,
0.0,15.76,,
0.07,10.51,,
0.0,16.14,,
0.0,15.28,,
0.0,10.94,,
0.0,16.36,,
0.0,16.47,,
0.1,9.82,,
0.04,13.01,,
0.0,14.06,,
0.0,17.17,,
0.0,16.62,,
0.0,16.08,,
0.0,12.07,,
0.0,14.77,,
0.0,14.01,,
0.08,12.56,,
0.0,17.59,,
0.0,15.16,,
0.0,16.02,,
0.1,11.89,,
0.1,12.81,,
0.0,15.22,,
0.1,11.63,,
0.06,10.07,,
0.0,10.25,,
0.0,15.55,,
0.0,15.43,,
0.0,11.0,,
0.0,14.61,,
0.1,11.34,,
0.1,9.91,,
0.0,16.91,,
0.1,10.22,,
0.0,14.8,,
0.0,22.38,,
0.0,22.17,,
0.0,23.67,,
0.0,20.96,,
0.01,24.36,,
0.0,25.25,,
0.0,26.41,,
0.05,25.01,,
0.0,20.24,,
0.0,20.64,,
0.0,22.3,,
0.0,23.99,,
0.0,26.38,,
0.09,23.78,,
0.0,23.71,,
0.0,24.86,,
0.0,25.03,,
0.01,24.24,,
0.0,21.16,,
0.0,21.28,,
0.0,25.11,,
0.0,24.51,,
0.0,23.62,,
0.0,24.05,,
0.0,24.3,,
0.0,26.67,,
0.0,19.41,,
0.0,17.36,,
0.0,24.31,,
0.0,24.2,,
0.0,19.7,,
0.03,24.74,,
0.1,24.54,,
0.05,24.93,,
0.0,23.77,,
0.0,21.14,,
0.0,25.27,,
0.0,21.37,,
0.0,21.82,,
0.0,21.54,,
0.0,20.02,,
0.0,24.34,,
0.0,23.93,,
0.0,20.32,,
0.0,24.65,,
0.1,19.68,,
0.0,29.73,,
0.0,20.34,,
0.0,23.29,,
0.0,23.27,,
0.0,21.76,,
0.05,21.4,,
0.0,23.61,,
0.06,25.26,,
0.06,19.29,,
0.0,18.73,,
0.0,22.99,,
0.0,20.63,,
0.0,28.06,,
0.02,23.41,,
0.01,23.26,,
0.0,28.91,,
0.0,25.06,,
0.0,22.04,,
0.05,25.28,,
0.0,22.92,,
0.0,16.18,,
0.0,25.33,,
0.0,20.6,,
0.0,21.02,,
0.0,21.17,,
0.0,24.36,,
0.0,22.03,,
0.0,20.05,,
0.0,24.29,,
0.17,8.77,,
0.1,9.67,,
0.16,9.91,,
0.18,11.09,,
0.0,10.48,,
0.18,12.25,,
0.1,8.5,,
0.06,9.25,,
0.07,9.5,,
0.0,10.63,,
0.02,19.14,,
0.31,9.12,,
0.01,10.6,,
0.17,16.15,,
0.2,12.86,,
0.06,8.02,,
0.05,10.24,,
0.01,15.55,,
0.14,11.35,,
0.3,13.09,,
0.0,10.5,,
0.05,8.23,,
0.02,10.36,,
0.2,8.32,,
0.04,19.74,,
0.04,17.98,,
0.08,16.03,,
0.0,19.58,,
0.1,11.68,,
0.2,13.15,,
0.16,14.39,,
0.0,19.39,,
0.29,13.64,,
0.21,15.13,,
0.13,9.56,,
0.37,11.14,,
0.33,11.83,,
0.13,8.33,,
0.05,7.68,,
0.05,14.73,,
0.05,10.68,,
0.3,13.99,,
0.17,13.89,,
0.02,10.19,,
0.13,7.64,,
0.0,19.69,,
0.08,15.24,,
0.07,9.69,,
0.0,16.2,,
0.09,11.16,,
0.05,9.55,,
0.06,10.06,,
0.17,14.29,,
0.11,10.71,,
0.19,11.25,,
0.03,7.82,,
0.05,7.79,,
0.2,13.93,,
0.12,13.77,,
0.11,11.67,,
0.05,9.32,,
0.07,15.53,,
0.05,9.62,,
0.02,10.27,,
0.0,10.57,,
0.0,11.15,,
0.0,10.65,,
0.27,14.12,,
0.0,11.72,,
0.0,10.58,,
0.22,13.71,,
0.0,10.47,,
0.11,16.79,,
0.0,10.64,,
0.01,10.06,,
0.09,8.79,,
0.1,18.04,,
0.3,13.97,,
0.06,17.96,,
0.34,12.47,,
0.01,10.64,,
0.0,9.91,,
0.17,14.64,,
0.0,17.06,,
0.0,15.24,,
0.0,14.51,,
0.0,12.89,,
0.0,14.35,,
0.0,14.78,,
0.0,15.72,,
0.0,13.08,,
0.0,17.71,,
0.0,12.92,,
0.0,17.93,,
0.0,14.38,,
0.0,18.63,,
0.0,23.25,,
0.0,16.23,,
0.0,21.52,,
0.0,12.28,,
0.0,13.94,,
0.0,16.41,,
0.0,15.02,,
0.0,17.15,,
0.0,20.69,,
0.0,15.65,,
0.0,17.6,,
0.0,15.53,,
0.0,14.57,,
0.0,12.21,,
0.0,17.38,,
0.0,14.26,,
0.0,14.39,,
0.0,21.68,,
0.0,20.07,,
0.0,17.91,,
0.0,20.03,,
0.0,16.24,,
0.0,23.83,,
0.0,18.01,,
0.0,13.57,,
0.0,12.85,,
0.0,15.57,,
0.0,22.22,,
0.0,17.05,,
0.0,17.47,,
0.0,15.0,,
0.0,15.19,,
0.0,19.32,,
0.0,12.2,,
0.0,20.46,,
0.0,18.97,,
0.0,19.07,,
0.0,18.04,,
0.0,18.64,,
0.0,15.6,,
0.0,16.46,,
0.0,15.74,,
0.0,15.88,,
0.0,14.18,,
0.0,14.94,,
0.0,18.74,,
0.0,14.49,,
0.0,12.58,,
0.0,19.77,,
0.0,16.32,,
0.0,11.91,,
0.0,19.12,,
0.0,13.76,,
0.0,14.15,,
0.0,13.62,,
0.0,17.45,,
0.0,17.28,,
0.0,14.73,,
0.0,19.05,,
0.0,17.52,,
0.0,9.84,,
0.0,22.57,,
0.0,18.07,,
0.0,14.86,,
0.0,14.88,,
0.0,17.88,,
0.0,11.3,,
0.0,18.83,,
0.0,14.71,,
0.0,15.62,,
0.0,13.31,,
0.0,18.27,,
0.0,10.67,,
0.0,14.3,,
0.0,15.95,,
0.0,14.9,,
0.0,14.97,,
0.0,17.22,,
0.0,13.93,,
0.0,15.89,,
0.0,18.68,,
0.0,17.8,,
0.01,9.97,,
0.0,13.66,,
0.04,14.25,,
0.1,9.42,,
0.16,12.38,,
0.01,6.68,,
0.0,22.63,,
0.0,11.33,,
0.0,10.69,,
0.03,14.51,,
0.2,11.95,,
0.1,10.19,,
0.02,10.01,,
0.09,12.77,,
0.0,11.98,,
0.12,10.66,,
0.2,11.59,,
0.04,12.71,,
0.1,13.55,,
0.0,8.37,,
0.01,10.89,,
0.05,11.45,,
0.1,7.69,,
0.1,7.64,,
0.17,5.97,,
0.01,14.4,,
0.07,10.88,,
0.01,14.57,,
0.07,13.46,,
0.0,9.59,,
0.03,14.23,,
0.1,9.59,,
0.03,10.63,,
0.14,8.12,,
0.11,10.16,,
0.1,7.98,,
0.08,13.32,,
0.0,12.88,,
0.1,10.21,,
0.0,6.61,,
0.01,11.78,,
0.06,9.08,,
0.13,7.14,,
0.09,6.06,,
0.07,9.82,,
0.14,13.45,,
0.0,10.97,,
0.2,10.39,,
0.09,14.96,,
0.03,11.63,,
0.17,5.87,,
0.15,5.73,,
0.1,7.07,,
0.0,10.0,,
0.07,14.44,,
0.0,12.44,,
0.1,7.36,,
0.0,11.83,,
0.2,6.41,,
0.1,9.88,,
0.0,9.5,,
0.0,12.62,,
0.15,9.62,,
0.01,14.41,,
0.09,12.27,,
0.0,10.49,,
0.15,11.73,,
0.03,13.11,,
0.0,12.84,,
0.2,6.07,,
0.02,13.23,,
0.02,9.42,,
0.01,18.41,,
0.02,12.95,,
0.0,19.0,,
0.0,8.45,,
0.0,12.14,,
0.08,9.55,,
0.12,9.58,,
0.11,15.68,,
0.0,9.64,,
0.14,12.3,,
0.02,11.21,,
0.03,11.95,,
0.1,10.35,,
0.08,9.53,,
0.0,10.88,,
0.05,12.6,,
0.16,6.02,,
0.07,11.72,,
0.0,14.22,,
0.2,11.6,,
0.03,8.81,,
0.0,4.15,,
0.05,12.59,,
0.0,25.19,,
0.17,9.71,,
0.08,18.34,,
0.04,11.97,,
0.01,11.08,,
0.1,12.97,,
0.05,13.4,,
0.14,10.16,,
0.0,16.26,,
0.04,16.73,,
0.08,9.63,,
0.1,17.86,,
0.0,11.66,,
0.06,11.1,,
0.1,11.77,,
0.0,11.03,,
0.02,12.94,,
0.0,21.84,,
0.0,12.66,,
0.0,17.29,,
0.0,5.98,,
0.0,25.92,,
0.0,6.84,,
0.0,22.24,,
0.0,20.21,,
0.0,22.35,,
0.0,26.02,,
0.0,23.94,,
0.0,19.3,,
0.0,12.08,,
0.0,8.92,,
0.0,13.12,,
0.0,19.8,,
0.0,13.23,,
0.0,14.1,,
0.0,13.29,,
0.0,18.22,,
0.0,11.52,,
0.0,13.09,,
0.0,19.75,,
0.0,13.06,,
0.0,23.81,,
0.0,9.94,,
0.0,11.86,,
0.0,21.42,,
0.0,11.74,,
0.0,25.46,,
0.0,25.71,,
0.0,7.06,,
0.0,18.28,,
0.0,17.2,,
0.0,13.52,,
0.0,17.31,,
0.0,13.3,,
0.0,13.25,,
0.0,18.67,,
0.0,17.94,,
0.0,24.59,,
0.0,13.2,,
0.0,13.38,,
0.0,26.55,,
0.0,11.29,,
0.0,22.51,,
0.0,17.77,,
0.0,6.55,,
0.0,18.6,,
0.0,25.45,,
0.0,11.81,,
0.0,20.71,,
0.0,11.43,,
0.0,12.22,,
0.0,19.33,,
0.0,28.01,,
0.0,15.56,,
0.0,6.39,,
0.0,17.57,,
0.0,21.35,,
0.0,18.12,,
0.0,18.29,,
0.0,16.68,,
0.0,12.82,,
0.0,24.37,,
0.0,18.42,,
0.0,23.44,,
0.0,7.36,,
0.0,20.88,,
0.0,20.89,,
0.0,22.81,,
0.0,9.42,,
0.0,17.08,,
0.0,14.6,,
0.0,18.57,,
0.0,18.35,,
0.0,17.48,,
0.0,10.71,,
0.08,23.49,,
0.09,13.79,,
0.03,23.59,,
0.03,22.17,,
0.1,21.58,,
0.05,19.6,,
0.03,16.51,,
0.07,10.01,,
0.02,21.01,,
0.0,21.7,,
0.1,24.95,,
0.0,20.53,,
0.06,23.0,,
0.07,20.5,,
0.07,13.3,,
0.1,24.49,,
0.03,19.52,,
0.01,23.0,,
0.1,17.96,,
0.06,21.96,,
0.1,10.25,,
0.1,15.02,,
0.03,24.08,,
0.1,24.9,,
0.1,17.0,,
0.1,13.36,,
0.03,23.79,,
0.07,20.85,,
0.07,16.38,,
0.0,24.84,,
0.05,15.72,,
0.01,18.64,,
0.0,15.64,,
0.0,14.93,,
0.0,19.74,,
0.0,17.72,,
0.0,20.22,,
0.0,19.27,,
0.0,18.51,,
0.0,14.65,,
0.0,21.57,,
0.0,16.01,,
0.0,16.61,,
0.0,18.09,,
0.0,10.9,,
0.0,15.93,,
0.0,15.32,,
0.0,13.26,,
0.1,9.98,,
0.0,16.4,,
0.0,15.36,,
0.0,17.04,,
0.0,10.23,,
0.0,16.83,,
0.0,15.5,,
0.1,11.28,,
0.0,15.35,,
0.04,16.01,,
0.0,13.55,,
0.0,15.48,,
0.02,15.37,,
0.0,16.86,,
0.05,10.36,,
0.0,15.45,,
0.0,14.64,,
0.0,14.33,,
0.0,11.96,,
0.0,16.78,,
0.0,14.98,,
1.55,13.72,,
0.3,23.96,,
0.22,17.4,,
0.34,17.49,,
4.9,25.04,,
1.1,15.8,,
0.14,20.01,,
0.87,20.61,,
4.9,23.54,,
0.02,21.96,,
0.0,25.0,,
0.18,17.67,,
4.1,25.32,,
0.46,19.47,,
0.0,20.48,,
0.44,16.4,,
2.32,16.75,,
0.0,21.19,,
0.34,19.55,,
0.11,16.73,,
1.47,16.98,,
0.0,29.16,,
0.0,18.55,,
1.2,16.2,,
0.56,19.37,,
0.33,17.75,,
0.57,26.75,,
0.18,16.12,,
0.08,24.27,,
0.36,15.05,,
0.1,23.4,,
0.74,12.66,,
2.91,21.7,,
0.09,15.2,,
0.4,20.35,,
0.82,16.87,,
0.54,17.72,,
1.24,15.91,,
1.57,27.41,,
2.3,23.03,,
0.43,14.32,,
0.69,16.74,,
0.6,15.8,,
0.35,18.99,,
0.16,16.06,,
0.55,17.45,,
0.03,23.45,,
0.74,26.26,,
0.84,16.23,,
0.08,23.54,,
0.0,24.14,,
6.1,23.22,,
1.04,17.45,,
0.47,18.21,,
0.1,15.57,,
0.14,18.15,,
0.42,12.92,,
0.36,14.81,,
0.58,20.43,,
0.03,20.36,,
0.6,26.62,,
0.22,15.59,,
0.45,18.58,,
0.11,18.87,,
0.0,23.55,,
0.46,19.1,,
0.0,20.79,,
0.76,15.16,,
0.0,27.67,,
0.0,22.47,,
0.16,16.3,,
0.01,28.13,,
0.02,19.11,,
0.05,20.3,,
0.14,16.55,,
0.4,14.41,,
0.13,16.58,,
0.13,15.14,,
0.0,21.11,,
0.38,18.15,,
0.0,23.64,,
0.17,15.39,,
0.62,15.96,,
0.43,15.06,,
0.04,17.91,,
1.1,15.82,,
0.3,14.45,,
1.9,19.08,,
0.0,23.85,,
0.29,15.42,,
0.04,18.77,,
0.36,14.79,,
0.35,18.52,,
0.1,15.54,,
0.26,17.32,,
0.62,15.8,,
0.12,15.99,,
0.09,15.81,,
0.3,17.84,,
0.05,17.12,,
0.0,23.54,,
0.7,18.79,,
0.14,14.73,,
0.18,16.99,,
0.77,18.62,,
0.0,24.75,,
0.45,17.13,,
0.14,13.8,,
1.06,15.63,,
0.14,20.27,,
0.0,16.71,,
0.34,27.42,,
1.6,20.52,,
0.54,15.84,,
0.16,15.84,,
0.44,15.77,,
0.82,15.57,,
0.13,27.56,,
0.88,19.12,,
0.46,18.75,,
0.01,18.14,,
0.69,21.54,,
0.29,15.23,,
2.2,18.31,,
0.01,18.3,,
0.1,14.43,,
1.58,16.71,,
0.81,16.31,,
0.04,28.59,,
0.29,17.31,,
0.02,28.25,,
0.71,16.53,,
0.18,16.04,,
0.54,16.3,,
0.58,16.3,,
0.07,20.56,,
0.02,18.95,,
0.83,14.78,,
0.4,16.37,,
0.01,21.55,,
0.26,16.28,,
0.04,18.16,,
0.74,16.3,,
0.21,15.74,,
0.0,20.92,,
0.0,21.21,,
0.15,21.34,,
0.96,15.35,,
0.64,19.1,,
0.36,17.5,,
0.0,22.61,,
0.2,22.86,,
1.17,22.21,,
0.19,16.37,,
0.0,24.62,,
0.3,21.49,,
1.13,16.84,,
0.47,20.18,,
0.39,15.91,,
1.6,13.55,,
1.97,14.82,,
1.27,15.68,,
2.09,16.69,,
0.4,13.8,,
0.9,14.31,,
0.33,17.46,,
2.16,18.09,,
0.04,22.76,,
1.87,22.9,,
0.0,23.6,,
0.09,24.71,,
0.6,17.93,,
0.0,23.16,,
0.64,18.06,,
2.08,21.89,,
0.46,12.54,,
0.36,17.9,,
0.65,13.92,,
0.26,17.64,,
0.38,16.41,,
1.06,12.84,,
0.32,16.51,,
5.43,22.65,,
0.1,24.05,,
0.13,18.99,,
0.48,13.85,,
0.0,21.67,,
0.85,19.71,,
0.2,20.34,,
1.73,21.46,,
0.8,18.18,,
4.19,21.55,,
0.07,17.55,,
0.49,15.59,,
0.14,17.2,,
0.12,20.51,,
0.94,18.03,,
0.0,20.99,,
2.23,15.37,,
0.95,16.01,,
0.29,14.73,,
0.43,16.21,,
0.11,17.61,,
0.36,17.27,,
2.5,15.93,,
0.87,15.72,,
0.9,15.62,,
0.6,15.77,,
1.1,15.64,,
0.0,23.34,,
0.39,17.46,,
0.29,15.29,,
0.31,17.6,,
0.01,19.66,,
0.74,19.95,,
0.93,22.06,,
0.55,17.56,,
0.48,17.58,,
0.96,18.67,,
0.02,21.48,,
0.15,21.23,,
0.23,19.08,,
0.23,16.33,,
0.0,18.06,,
0.0,20.08,,
0.29,17.75,,
0.4,17.84,,
0.0,23.15,,
0.08,14.89,,
0.0,28.27,,
0.42,17.57,,
0.0,24.01,,
0.13,17.02,,
0.0,23.09,,
0.08,17.93,,
0.68,15.8,,
0.14,15.08,,
0.3,15.96,,
0.08,23.63,,
1.33,13.74,,
0.14,23.16,,
0.06,14.13,,
1.14,15.79,,
2.98,23.22,,
0.05,25.02,,
0.48,12.55,,
0.21,19.22,,
0.03,17.81,,
1.41,16.52,,
0.0,22.39,,
0.05,16.99,,
0.71,19.28,,
1.95,16.32,,
0.08,18.62,,
0.37,23.64,,
0.03,19.97,,
0.46,14.96,,
0.01,24.86,,
0.95,15.93,,
0.6,18.68,,
0.0,23.9,,
0.02,19.38,,
0.71,15.67,,
0.55,13.95,,
0.12,18.98,,
0.07,23.72,,
0.11,15.92,,
0.27,15.2,,
0.63,14.29,,
0.15,17.83,,
1.64,13.94,,
0.03,17.96,,
0.4,16.16,,
0.07,14.6,,
0.25,18.6,,
0.0,23.24,,
1.1,15.69,,
0.31,26.8,,
0.01,20.95,,
0.0,27.06,,
0.01,28.06,,
0.38,22.36,,
0.17,16.12,,
1.7,16.75,,
0.0,23.63,,
1.7,16.81,,
0.36,18.73,,
1.6,17.99,,
0.23,16.52,,
0.0,25.54,,
0.21,16.91,,
0.04,17.41,,
0.52,16.49,,
0.15,18.75,,
0.0,27.3,,
0.45,19.39,,
2.34,16.96,,
0.0,28.58,,
0.78,19.36,,
0.11,17.45,,
1.53,18.48,,
0.48,16.21,,
0.82,15.95,,
1.3,19.62,,
0.0,24.95,,
1.06,14.13,,
2.0,15.23,,
0.14,15.79,,
0.82,15.93,,
0.35,18.76,,
0.62,15.83,,
0.14,17.19,,
0.0,22.8,,
0.0,23.95,,
0.28,16.69,,
0.13,17.17,,
0.01,19.31,,
0.23,16.8,,
0.1,15.79,,
0.2,18.89,,
0.09,22.87,,
0.04,18.4,,
1.57,16.39,,
0.2,15.66,,
0.13,20.37,,
0.1,17.57,,
0.99,13.21,,
0.22,18.05,,
0.38,15.56,,
0.07,17.69,,
0.48,13.58,,
0.17,13.27,,
0.0,23.66,,
0.55,18.5,,
0.16,15.86,,
0.02,17.78,,
0.0,18.81,,
0.32,16.41,,
0.39,17.59,,
0.02,21.6,,
0.0,21.46,,
0.0,17.65,,
0.27,16.61,,
0.0,15.87,,
0.14,18.3,,
0.11,16.7,,
0.0,22.13,,
0.16,18.27,,
0.0,16.7,,
0.26,18.53,,
0.0,19.15,,
0.0,19.55,,
0.48,18.58,,
1.39,16.21,,
0.55,17.13,,
0.13,16.88,,
0.08,18.08,,
0.23,15.88,,
0.37,17.86,,
0.0,26.57,,
0.0,24.57,,
1.07,15.67,,
0.4,16.93,,
0.35,20.3,,
6.1,21.74,,
0.1,22.29,,
3.33,22.89,,
0.0,27.44,,
0.0,23.01,,
1.4,16.82,,
1.57,21.76,,
0.92,24.49,,
1.02,12.84,,
0.1,15.55,,
0.3,26.8,,
1.04,15.59,,
0.47,15.9,,
0.09,19.77,,
2.5,16.2,,
0.23,14.6,,
5.2,23.06,,
0.22,18.44,,
0.02,18.48,,
0.16,17.16,,
1.3,17.7,,
0.59,16.24,,
0.0,22.68,,
0.12,16.54,,
1.54,16.8,,
0.21,15.77,,
1.96,16.52,,
0.0,27.43,,
0.18,22.42,,
0.31,27.67,,
0.17,13.7,,
0.0,18.91,,
0.06,17.38,,
0.0,19.35,,
0.0,22.36,,
0.01,19.88,,
1.6,19.43,,
1.3,16.05,,
0.0,27.79,,
0.28,17.41,,
0.17,23.13,,
0.28,20.1,,
0.9,17.68,,
1.73,16.68,,
0.28,18.58,,
1.52,19.31,,
0.4,18.29,,
0.96,15.53,,
0.68,15.95,,
1.31,20.56,,
0.0,22.5,,
0.0,24.87,,
1.73,20.91,,
0.01,19.81,,
2.0,21.52,,
0.62,15.3,,
2.77,25.03,,
0.15,14.05,,
0.63,17.99,,
0.4,19.04,,
1.39,15.09,,
0.7,15.9,,
0.14,16.52,,
0.0,18.71,,
0.0,24.6,,
0.43,14.6,,
0.1,23.56,,
0.0,25.32,,
0.73,15.71,,
0.63,14.99,,
0.75,15.7,,
0.0,23.39,,
0.27,17.12,,
0.04,18.22,,
0.46,16.98,,
0.17,14.74,,
0.38,13.29,,
0.0,21.83,,
2.27,22.85,,
0.36,16.14,,
0.04,22.32,,
0.6,18.28,,
0.5,13.31,,
1.63,25.7,,
0.08,15.11,,
1.86,25.5,,
0.0,26.8,,
0.0,19.25,,
0.35,14.97,,
0.12,17.73,,
4.31,22.63,,
0.43,16.46,,
1.55,26.9,,
0.15,17.36,,
0.7,16.18,,
0.1,15.38,,
0.08,21.58,,
1.0,15.61,,
0.07,14.69,,
1.03,15.79,,
0.3,17.86,,
0.1,26.33,,
2.32,16.67,,
0.0,18.92,,
0.09,22.41,,
0.45,17.71,,
0.29,14.87,,
0.01,18.45,,
0.01,17.98,,
0.03,19.02,,
0.1,17.29,,
0.59,15.97,,
0.05,21.21,,
0.24,17.61,,
0.65,14.84,,
0.2,19.46,,
0.0,22.82,,
0.74,13.34,,
0.48,17.7,,
0.21,14.93,,
0.5,16.11,,
0.71,17.03,,
0.24,19.03,,
0.21,15.49,,
0.46,17.96,,
0.6,15.93,,
0.13,15.08,,
0.49,16.55,,
0.43,26.58,,
1.95,17.23,,
2.2,19.52,,
0.2,14.95,,
0.78,19.11,,
0.05,19.09,,
0.17,17.72,,
0.14,17.18,,
0.03,18.96,,
0.09,24.36,,
0.27,20.7,,
0.55,15.76,,
0.15,16.88,,
0.09,11.93,,
0.06,17.18,,
0.16,23.7,,
0.04,12.76,,
0.03,17.73,,
0.1,11.24,,
0.12,23.2,,
0.0,9.36,,
0.06,24.63,,
0.9,16.82,,
0.03,26.06,,
0.09,10.71,,
0.47,18.34,,
0.1,12.55,,
0.1,8.04,,
0.08,7.96,,
0.28,17.34,,
0.1,13.74,,
0.07,16.59,,
0.09,23.39,,
0.05,16.73,,
0.19,9.68,,
0.04,26.01,,
0.03,14.96,,
0.0,6.0,,
0.25,16.87,,
0.1,13.06,,
0.04,13.55,,
0.16,21.88,,
0.0,25.69,,
0.03,16.91,,
0.25,17.45,,
0.23,17.17,,
0.09,17.86,,
0.05,14.55,,
0.0,10.53,,
0.09,11.65,,
0.18,23.26,,
0.02,13.5,,
0.1,8.32,,
0.23,10.08,,
0.62,14.17,,
0.05,25.86,,
0.0,5.06,,
0.0,10.8,,
0.05,14.58,,
0.1,23.76,,
0.16,19.47,,
0.1,7.99,,
0.1,8.09,,
0.35,21.45,,
0.04,26.2,,
0.1,10.38,,
0.05,25.58,,
0.1,6.13,,
0.3,18.91,,
0.09,22.18,,
0.22,10.8,,
0.0,20.0,,
0.09,12.11,,
0.1,25.0,,
0.1,9.81,,
0.08,14.64,,
0.05,17.95,,
0.14,19.25,,
0.1,11.35,,
0.05,14.23,,
0.02,25.03,,
0.1,6.14,,
0.07,15.14,,
0.08,13.16,,
0.09,10.67,,
0.06,16.44,,
0.0,12.3,,
0.0,25.6,,
0.09,17.62,,
0.1,7.7,,
0.06,13.36,,
0.1,23.98,,
0.03,17.71,,
0.03,25.22,,
0.03,13.65,,
0.06,15.92,,
0.26,16.49,,
0.1,9.54,,
0.08,8.83,,
0.0,19.19,,
0.03,11.5,,
0.07,14.88,,
0.11,17.02,,
0.46,12.56,,
0.1,12.32,,
0.0,11.11,,
0.0,7.99,,
0.8,14.49,,
0.07,11.05,,
0.06,8.05,,
0.09,15.08,,
0.05,10.55,,
0.3,12.06,,
0.01,18.68,,
0.34,21.81,,
0.1,25.74,,
0.1,14.22,,
0.18,12.14,,
0.09,12.86,,
0.03,10.72,,
0.05,13.48,,
0.1,12.68,,
0.9,16.22,,
0.05,19.63,,
0.0,4.7,,
0.09,13.55,,
0.42,18.07,,
0.1,10.99,,
0.16,21.19,,
0.31,18.65,,
0.11,10.76,,
0.12,18.74,,
0.1,6.74,,
0.07,21.83,,
0.08,6.24,,
0.4,19.82,,
0.06,10.6,,
0.0,4.74,,
0.1,24.15,,
0.1,10.13,,
0.18,23.96,,
0.09,11.18,,
0.1,4.5,,
0.05,13.38,,
0.24,19.91,,
0.2,21.65,,
0.71,15.5,,
0.07,19.64,,
0.04,11.82,,
0.1,15.49,,
0.17,13.93,,
0.1,25.93,,
0.8,16.44,,
0.09,24.95,,
0.04,17.04,,
0.05,20.32,,
0.01,24.43,,
0.5,15.18,,
0.1,11.12,,
0.1,13.04,,
0.04,19.88,,
0.05,19.95,,
0.0,10.04,,
0.04,20.7,,
0.2,19.08,,
0.1,9.44,,
0.05,15.97,,
0.09,8.88,,
0.04,10.61,,
0.09,9.13,,
0.08,21.71,,
0.37,14.84,,
0.11,9.38,,
0.1,5.97,,
0.0,8.89,,
0.07,15.73,,
0.09,12.97,,
0.09,13.82,,
0.05,20.0,,
0.1,9.38,,
0.07,14.93,,
0.1,11.66,,
0.05,15.13,,
0.12,19.22,,
0.09,25.75,,
0.02,15.55,,
0.12,17.49,,
0.0,19.26,,
0.9,15.74,,
0.11,21.1,,
0.1,15.28,,
0.03,26.1,,
0.07,8.54,,
0.0,8.55,,
0.08,10.68,,
0.11,15.83,,
0.05,10.07,,
0.22,14.28,,
0.18,20.68,,
0.1,9.14,,
0.1,9.31,,
0.41,17.2,,
0.1,12.19,,
0.0,7.12,,
0.1,7.89,,
0.04,17.37,,
0.39,18.01,,
0.0,11.14,,
0.0,13.71,,
0.34,17.2,,
0.0,10.39,,
0.1,14.7,,
0.01,13.87,,
0.1,14.06,,
0.03,13.68,,
0.0,12.59,,
0.05,15.81,,
0.01,15.4,,
0.1,12.11,,
0.04,14.78,,
0.1,15.21,,
0.0,12.05,,
0.0,13.77,,
0.0,24.56,,
0.02,24.34,,
0.2,25.02,,
0.1,24.16,,
0.04,23.15,,
0.03,24.11,,
0.0,24.07,,
0.07,23.82,,
0.0,11.01,,
0.0,15.31,,
0.0,15.8,,
0.0,13.22,,
0.0,13.89,,
0.0,15.13,,
0.0,16.59,,
0.0,18.82,,
0.0,19.76,,
0.0,18.05,,
0.0,12.12,,
0.0,15.3,,
0.0,11.16,,
0.0,16.0,,
0.0,16.29,,
0.0,11.39,,
0.0,20.19,,
0.02,13.22,,
0.02,11.71,,
0.0,20.11,,
0.0,13.27,,
0.0,15.94,,
0.04,12.45,,
0.0,21.59,,
0.0,11.58,,
0.0,16.79,,
0.0,19.65,,
0.0,20.3,,
0.0,21.3,,
0.0,20.84,,
0.0,11.48,,
0.08,10.93,,
0.0,14.28,,
0.0,13.45,,
0.0,11.78,,
0.1,12.4,,
0.0,13.43,,
0.0,16.48,,
0.0,17.96,,
0.02,11.75,,
0.0,17.26,,
0.0,15.18,,
0.0,19.79,,
0.0,15.03,,
0.0,16.9,,
0.0,18.8,,
0.0,16.09,,
0.0,15.47,,
0.0,16.52,,
0.0,14.99,,
0.0,12.8,,
0.0,17.51,,
0.0,11.18,,
0.0,14.81,,
0.0,13.53,,
0.0,13.49,,
0.0,11.54,,
0.0,15.68,,
0.0,16.6,,
0.0,13.5,,
0.0,16.37,,
0.0,12.95,,
0.0,15.12,,
0.0,13.81,,
0.0,15.25,,
0.0,19.09,,
0.0,11.27,,
0.0,16.04,,
0.0,15.06,,
0.0,12.06,,
0.0,11.57,,
0.0,14.19,,
0.0,14.4,,
0.0,12.76,,
0.0,17.18,,
0.0,16.8,,
0.0,17.12,,
0.0,13.79,,
0.0,11.42,,
0.0,14.05,,
0.0,19.08,,
0.0,15.27,,
0.0,16.66,,
0.0,13.07,,
0.0,15.7,,
0.0,17.46,,
0.0,8.59,,
0.0,20.01,,
2.3,22.69,,
2.2,24.54,,
0.4,23.79,,
0.51,24.32,,
1.1,23.18,,
0.89,24.45,,
0.4,22.19,,
2.2,24.34,,
0.09,23.12,,
0.46,24.65,,
0.31,22.74,,
0.24,23.5,,
0.4,24.47,,
1.05,23.91,,
0.17,20.76,,
0.3,21.88,,
2.3,22.99,,
0.0,20.38,,
0.1,21.84,,
0.09,22.91,,
0.0,19.59,,
0.0,12.56,,
0.0,16.38,,
0.0,18.61,,
0.09,24.18,,
0.0,18.1,,
0.0,21.25,,
0.0,16.22,,
0.0,12.67,,
0.0,19.29,,
0.0,17.56,,
0.0,15.15,,
0.0,20.8,,
0.0,17.43,,
0.0,10.41,,
0.0,19.1,,
0.0,19.42,,
0.0,12.55,,
0.0,16.63,,
0.0,20.04,,
0.1,21.65,,
0.07,23.83,,
0.0,17.23,,
0.0,17.11,,
0.0,20.09,,
0.05,9.68,,
0.0,10.01,,
0.03,8.52,,
0.02,8.83,,
0.0,9.12,,
0.03,9.17,,
0.03,10.23,,
0.02,9.77,,
0.0,9.35,,
0.08,10.15,,
0.0,8.9,,
0.05,7.96,,
0.1,9.13,,
0.02,9.19,,
0.05,8.13,,
0.08,11.25,,
0.0,7.53,,
0.04,8.14,,
0.05,7.86,,
0.06,8.6,,
0.03,9.7,,
0.08,11.91,,
0.09,10.73,,
0.03,7.63,,
0.04,8.15,,
0.0,9.88,,
0.03,10.4,,
0.09,8.3,,
0.06,8.37,,
0.02,10.34,,
0.09,10.75,,
0.05,8.98,,
0.06,8.54,,
0.01,9.58,,
0.03,8.8,,
0.03,7.5,,
0.03,7.48,,
0.03,9.66,,
0.1,10.14,,
0.09,9.27,,
0.01,9.2,,
0.05,8.59,,
0.0,14.85,,
3.3,24.59,,
0.1,21.76,,
1.48,23.89,,
0.64,13.45,,
0.09,12.46,,
0.1,20.12,,
0.01,11.34,,
2.25,24.53,,
1.68,23.5,,
0.09,20.41,,
0.35,21.57,,
5.94,21.63,,
0.04,24.35,,
0.0,20.74,,
0.28,11.73,,
0.55,15.84,,
0.3,16.09,,
0.35,22.47,,
0.0,15.23,,
0.01,14.09,,
0.1,19.18,,
0.05,11.08,,
0.0,13.75,,
0.1,18.48,,
0.1,11.22,,
0.23,13.67,,
0.31,24.32,,
8.2,19.04,,
0.13,21.1,,
0.02,20.27,,
0.03,14.84,,
1.01,24.61,,
0.01,19.44,,
0.29,20.98,,
0.03,19.03,,
0.09,22.28,,
0.2,19.32,,
1.42,23.45,,
0.05,15.64,,
0.07,14.39,,
1.71,24.63,,
0.2,24.56,,
0.03,18.79,,
0.01,18.48,,
0.4,23.5,,
0.4,24.09,,
2.26,23.41,,
0.0,20.45,,
0.05,15.76,,
0.05,19.98,,
1.5,24.24,,
0.09,21.01,,
2.08,23.94,,
0.02,19.89,,
0.0,17.03,,
0.06,19.59,,
0.07,18.51,,
0.03,16.46,,
0.12,18.04,,
0.09,21.07,,
7.1,24.79,,
0.07,17.04,,
0.4,11.85,,
3.55,22.69,,
0.2,14.91,,
0.79,24.14,,
0.22,15.28,,
2.3,23.44,,
0.0,19.6,,
0.03,13.19,,
0.11,18.77,,
0.0,12.37,,
0.85,24.51,,
0.05,19.15,,
1.3,23.75,,
0.18,17.52,,
0.05,10.01,,
0.02,15.35,,
0.08,19.82,,
3.63,25.08,,
0.1,24.63,,
7.1,23.91,,
0.03,13.15,,
2.85,23.81,,
0.08,18.91,,
0.0,14.36,,
3.56,23.09,,
0.18,17.15,,
0.28,11.52,,
0.1,24.23,,
0.0,12.86,,
0.05,18.71,,
0.0,16.75,,
6.02,21.07,,
0.1,24.65,,
3.5,24.76,,
0.01,17.45,,
0.28,17.84,,
1.04,24.58,,
0.24,19.75,,
0.23,13.16,,
2.86,25.37,,
0.4,23.48,,
1.38,23.2,,
1.03,24.65,,
0.19,22.15,,
1.35,22.13,,
0.05,22.62,,
0.1,19.79,,
0.29,23.52,,
0.05,23.56,,
0.14,10.66,,
0.07,9.55,,
0.0,20.4,,
2.24,23.23,,
0.01,19.82,,
0.0,11.22,,
0.11,23.86,,
0.1,22.53,,
0.13,17.2,,
0.0,12.7,,
0.3,16.71,,
0.0,14.07,,
3.5,22.9,,
0.23,16.23,,
8.09,20.95,,
5.26,24.41,,
6.17,22.4,,
6.0,24.95,,
2.14,24.78,,
0.07,18.12,,
0.55,14.93,,
0.09,23.99,,
4.04,20.13,,
0.13,22.39,,
0.13,22.34,,
0.2,23.97,,
0.05,19.75,,
0.09,20.79,,
0.01,20.21,,
0.0,11.38,,
0.11,21.37,,
0.44,16.22,,
0.05,20.95,,
0.0,20.72,,
0.09,19.24,,
0.0,14.14,,
0.1,20.72,,
0.02,16.73,,
0.01,20.26,,
0.2,17.42,,
2.4,23.4,,
0.28,14.63,,
0.37,16.27,,
6.74,25.21,,
0.36,22.56,,
0.96,24.29,,
0.05,20.4,,
1.72,23.31,,
2.3,23.54,,
0.09,21.27,,
0.09,16.57,,
0.41,24.38,,
0.0,12.87,,
0.03,16.34,,
0.46,15.94,,
0.03,17.16,,
0.0,13.74,,
0.09,18.78,,
0.12,21.81,,
1.72,23.38,,
0.04,23.61,,
0.08,21.39,,
0.06,24.6,,
0.0,9.74,,
0.46,15.57,,
0.36,23.17,,
0.02,16.75,,
0.3,13.24,,
1.37,24.83,,
0.12,22.18,,
0.31,19.65,,
0.14,16.53,,
1.66,24.63,,
0.0,21.36,,
0.41,24.43,,
1.05,23.74,,
1.64,23.62,,
4.4,19.62,,
5.33,23.51,,
0.01,20.51,,
2.1,22.86,,
0.0,22.67,,
0.0,22.85,,
0.0,22.66,,
0.0,22.32,,
0.0,22.71,,
0.0,22.23,,
0.0,22.26,,
0.0,22.42,,
0.0,22.91,,
0.0,22.78,,
0.0,21.48,,
0.0,22.27,,
0.0,22.83,,
0.0,22.98,,
0.08,23.03,,
0.0,22.54,,
0.0,22.48,,
0.0,22.94,,
0.0,22.55,,
0.0,22.65,,
0.0,22.25,,
0.0,22.84,,
0.0,22.53,,
0.0,23.91,,
0.0,23.13,,
0.0,22.56,,
0.0,22.87,,
0.0,22.16,,
0.0,22.12,,
0.0,23.0,,
0.0,22.75,,
0.0,22.43,,
0.0,22.96,,
0.0,21.97,,
0.06,24.89,,
0.0,22.62,,
0.01,23.86,,
0.0,23.32,,
0.0,23.33,,
0.0,22.88,,
0.0,22.6,,
0.0,22.4,,
0.0,22.45,,
0.0,22.64,,
0.0,21.88,,
0.0,22.77,,
0.0,22.06,,
0.0,22.18,,
0.0,23.7,,
0.0,22.95,,
0.0,22.73,,
0.0,22.74,,
0.04,22.89,,
0.0,21.65,,
0.03,22.79,,
0.0,22.9,,
0.06,22.86,,
0.0,11.08,,
0.08,12.68,,
0.0,12.38,,
0.0,10.29,,
0.0,13.87,,
0.0,12.13,,
0.0,11.41,,
0.0,9.86,,
0.0,12.04,,
0.2,13.9,,
0.2,13.85,,
0.0,17.67,,
0.0,10.86,,
0.0,16.98,,
0.0,11.59,,
0.0,12.49,,
0.0,11.45,,
0.02,10.84,,
0.0,13.65,,
0.0,12.72,,
0.0,13.86,,
0.0,13.82,,
0.0,11.99,,
0.0,11.69,,
0.0,12.02,,
0.0,14.37,1.0,1.0
0.0,12.97,1.0,2.0
0.0,12.96,1.0,3.0
0.0,13.39,1.0,4.0
0.0,13.44,1.0,5.0
0.0,13.85,1.0,6.0
0.0,13.15,1.0,7.0
0.0,11.35,1.0,8.0
0.0,13.63,1.0,9.0
0.0,13.4,1.0,10.0
0.0,13.91,1.0,11.0
0.0,13.04,2.0,1.0
0.0,19.37,2.0,2.0
0.0,10.95,2.0,3.0
0.0,12.94,2.0,4.0
0.0,14.27,2.0,5.0
0.0,15.83,3.0,1.0
0.0,14.04,3.0,2.0
0.0,17.24,3.0,3.0
0.0,18.54,3.0,8.0
0.0,16.67,3.0,9.0
0.0,24.33,4.0,1.0
0.0,24.41,4.0,2.0
0.15,24.55,4.0,3.0
0.04,24.87,4.0,4.0
0.0,23.98,4.0,5.0
0.0,22.29,4.0,6.0
0.2,22.51,4.0,7.0
0.0,24.48,4.0,8.0
0.03,24.54,4.0,9.0
0.23,23.54,4.0,10.0
0.27,24.51,4.0,11.0
0.0,18.46,5.0,1.0
0.0,16.21,5.0,2.0
0.0,16.54,5.0,3.0
0.0,9.66,5.0,4.0
0.0,16.82,5.0,5.0
0.0,15.29,5.0,6.0
0.0,14.37,5.0,7.0
0.0,17.84,5.0,8.0
0.0,16.1,5.0,9.0
0.0,18.18,5.0,10.0
0.03,12.39,5.0,11.0
0.0,17.7,5.0,12.0
0.0,17.78,5.0,13.0
0.0,17.33,5.0,14.0
0.0,17.76,5.0,15.0
0.0,14.95,5.0,16.0
0.05,16.44,5.0,17.0
0.0,17.85,5.0,18.0
0.0,16.51,5.0,19.0
0.0,12.24,5.0,20.0
0.0,15.91,5.0,21.0
0.0,17.73,5.0,22.0
0.0,14.44,5.0,23.0
0.12,13.97,5.0,24.0
0.0,17.37,5.0,25.0
0.0,17.99,5.0,26.0
0.0,13.4,5.0,27.0
0.0,17.41,5.0,28.0
0.0,16.88,5.0,29.0
0.1,10.95,5.0,30.0
0.0,12.33,5.0,31.0
0.0,16.58,5.0,32.0
0.0,15.66,5.0,33.0
0.0,14.89,5.0,34.0
0.36,16.2,5.0,35.0
0.4,16.25,5.0,36.0
0.0,16.45,5.0,37.0
0.0,15.14,5.0,38.0
0.0,19.96,6.0,1.0
0.0,18.2,6.0,2.0
0.0,17.01,6.0,3.0
0.0,18.39,6.0,4.0
0.0,16.64,6.0,5.0
0.0,18.5,6.0,6.0
0.0,20.77,6.0,7.0
0.0,17.21,6.0,8.0
0.0,22.0,6.0,9.0
0.0,17.81,6.0,10.0
0.1,19.04,7.0,1.0
0.0,21.74,7.0,2.0
0.08,24.1,7.0,3.0
0.11,16.03,7.0,4.0
0.31,19.42,7.0,5.0
0.01,14.01,7.0,6.0
0.04,13.46,7.0,7.0
0.06,17.41,7.0,8.0
0.0,26.87,7.0,9.0
0.0,13.13,7.0,10.0
0.0,14.82,7.0,11.0
0.23,20.07,7.0,12.0
0.24,16.67,7.0,13.0
0.1,14.88,7.0,14.0
0.02,17.9,7.0,15.0
0.37,22.67,7.0,16.0
0.45,23.0,7.0,17.0
0.32,18.99,7.0,18.0
0.1,15.09,7.0,19.0
0.05,17.7,7.0,20.0
0.28,19.13,7.0,21.0
0.1,12.98,7.0,22.0
0.04,13.45,7.0,23.0
0.16,13.4,7.0,24.0
0.52,18.96,7.0,25.0
0.06,12.53,7.0,26.0
0.06,21.48,7.0,27.0
0.0,21.96,7.0,28.0
0.15,18.55,7.0,29.0
0.0,17.27,7.0,30.0
0.13,18.13,7.0,31.0
0.1,18.95,7.0,32.0
0.55,20.91,7.0,33.0
0.0,18.14,7.0,34.0
0.0,25.88,7.0,35.0
0.02,13.25,7.0,36.0
0.1,23.55,7.0,37.0
0.14,11.91,7.0,38.0
0.18,15.7,7.0,39.0
0.1,23.67,7.0,40.0
0.1,15.75,7.0,41.0
0.5,16.76,7.0,42.0
0.48,20.35,7.0,43.0
0.06,17.0,7.0,44.0
0.33,20.59,7.0,45.0
0.19,23.47,7.0,46.0
0.25,13.75,7.0,47.0
1.21,23.6,7.0,48.0
0.1,12.82,7.0,49.0
0.4,23.23,7.0,50.0
0.1,19.73,7.0,51.0
0.1,16.18,7.0,52.0
0.08,13.04,7.0,53.0
0.1,26.28,7.0,54.0
0.0,24.88,7.0,55.0
0.04,11.26,7.0,56.0
0.1,15.61,7.0,57.0
0.0,19.71,7.0,58.0
0.61,19.98,7.0,59.0
0.43,19.42,7.0,60.0
0.54,20.55,7.0,61.0
2.2,22.93,7.0,62.0
0.08,19.67,7.0,63.0
0.2,13.19,7.0,64.0
0.61,22.81,7.0,65.0
0.1,14.58,7.0,66.0
0.5,17.64,7.0,67.0
1.57,22.57,7.0,68.0
0.04,22.11,7.0,69.0
0.06,13.38,7.0,70.0
0.1,24.26,7.0,71.0
0.5,14.64,7.0,72.0
0.5,15.85,7.0,73.0
0.9,24.53,7.0,74.0
0.0,16.57,7.0,75.0
0.2,17.36,7.0,76.0
0.07,21.41,7.0,77.0
0.04,14.83,7.0,78.0
0.2,19.58,7.0,79.0
0.06,13.53,7.0,80.0
0.13,14.44,7.0,81.0
0.11,15.05,7.0,82.0
0.01,19.28,7.0,83.0
0.45,18.36,7.0,84.0
0.1,17.91,7.0,85.0
0.0,21.78,7.0,86.0
0.01,27.02,7.0,87.0
0.98,22.96,7.0,88.0
0.08,22.99,7.0,89.0
0.46,18.27,7.0,90.0
0.5,16.4,7.0,91.0
1.38,22.7,7.0,92.0
0.16,11.59,7.0,93.0
0.05,15.07,7.0,94.0
0.2,18.86,7.0,96.0
0.0,25.83,7.0,97.0
0.0,20.56,7.0,98.0
0.1,17.43,7.0,99.0
0.13,18.45,7.0,100.0
0.04,20.78,7.0,101.0
0.0,23.2,7.0,102.0
0.09,20.63,7.0,103.0
0.04,18.3,7.0,104.0
0.0,17.02,7.0,105.0
0.0,20.97,7.0,106.0
0.0,21.24,7.0,107.0
0.0,23.12,7.0,108.0
0.11,16.63,7.0,109.0
0.0,19.68,7.0,110.0
0.0,17.95,7.0,111.0
0.13,13.63,7.0,112.0
0.0,12.39,7.0,113.0
0.1,22.05,7.0,114.0
0.1,19.46,7.0,115.0
0.1,21.87,7.0,116.0
0.02,17.2,7.0,117.0
0.15,14.01,7.0,118.0
0.1,12.48,7.0,119.0
0.06,13.53,7.0,120.0
0.5,14.9,7.0,121.0
0.0,24.8,7.0,122.0
0.0,24.93,7.0,123.0
0.63,23.35,7.0,124.0
0.0,13.69,8.0,1.0
0.0,15.11,8.0,2.0
0.0,15.69,8.0,3.0
0.0,16.11,8.0,4.0
0.0,15.97,8.0,5.0
0.0,10.09,8.0,6.0
0.0,7.4,8.0,7.0
0.0,17.34,8.0,8.0
0.0,9.0,8.0,9.0
0.0,13.33,8.0,10.0
0.0,13.13,8.0,11.0
0.0,12.1,8.0,12.0
0.0,9.99,8.0,13.0
0.0,14.5,8.0,14.0
0.0,15.17,8.0,15.0
0.0,14.62,8.0,16.0
0.0,10.38,8.0,17.0
0.0,12.31,8.0,18.0
0.0,11.87,8.0,19.0
0.0,16.76,8.0,20.0
0.0,16.31,8.0,21.0
0.0,15.05,8.0,22.0
0.0,13.48,8.0,23.0
0.0,13.37,8.0,24.0
0.0,8.85,8.0,25.0
0.0,13.4,8.0,26.0
0.0,9.72,8.0,27.0
0.0,14.52,8.0,28.0
0.0,9.47,8.0,29.0
0.0,18.7,8.0,30.0
0.0,10.72,8.0,31.0
0.0,14.92,8.0,32.0
0.0,14.62,8.0,33.0
0.0,9.25,8.0,34.0
0.0,13.8,8.0,35.0
0.0,15.52,8.0,36.0
0.0,16.27,8.0,37.0
0.0,15.78,8.0,38.0
0.0,15.73,8.0,39.0
0.0,7.63,8.0,40.0
0.0,15.81,8.0,41.0
0.0,16.06,8.0,42.0
0.0,7.81,8.0,43.0
0.0,13.41,8.0,44.0
0.0,15.14,8.0,45.0
0.0,15.67,8.0,46.0
0.0,9.4,8.0,47.0
0.0,8.57,8.0,48.0
0.0,11.79,8.0,49.0
0.0,12.63,8.0,50.0
0.0,12.0,8.0,51.0
0.0,16.43,8.0,52.0
0.0,16.05,8.0,53.0
0.0,9.75,8.0,54.0
0.0,15.51,8.0,55.0
0.0,12.69,8.0,56.0
0.0,13.7,8.0,57.0
0.0,16.81,8.0,58.0
0.0,13.15,8.0,59.0
0.0,12.9,8.0,60.0
0.0,15.96,8.0,61.0
0.0,16.34,8.0,62.0
0.0,7.67,8.0,63.0
0.0,13.95,8.0,64.0
0.0,19.61,8.0,65.0
0.0,13.85,8.0,66.0
0.0,16.57,8.0,67.0
0.1,11.97,9.0,2.0
0.0,12.5,9.0,3.0
0.15,7.87,9.0,4.0
0.08,13.41,9.0,5.0
0.0,13.83,9.0,6.0
0.09,13.5,9.0,7.0
0.12,8.02,9.0,8.0
0.1,13.97,9.0,9.0
0.13,10.78,9.0,10.0
0.1,13.35,9.0,11.0
0.1,10.7,9.0,12.0
0.1,13.11,9.0,13.0
0.0,13.28,9.0,14.0
0.0,13.17,9.0,15.0
0.11,11.57,9.0,16.0
0.0,13.96,9.0,17.0
0.0,11.06,10.0,1.0
0.0,12.5,10.0,2.0
0.0,13.54,10.0,3.0
0.3,14.59,10.0,4.0
0.0,10.31,10.0,5.0
0.3,16.03,10.0,6.0
0.0,16.28,10.0,7.0
0.0,15.04,10.0,8.0
0.0,8.54,10.0,9.0
0.0,14.47,10.0,10.0
0.0,15.26,10.0,11.0
0.03,15.09,10.0,12.0
0.0,16.27,10.0,13.0
0.0,10.99,10.0,14.0
0.0,16.17,10.0,15.0
0.0,14.23,10.0,16.0
0.0,12.32,10.0,17.0
0.0,14.63,10.0,18.0
0.0,8.33,10.0,19.0
0.0,14.87,10.0,20.0
0.1,14.95,10.0,21.0
0.0,15.42,10.0,22.0
0.0,10.7,10.0,23.0
0.0,15.54,10.0,24.0
0.0,12.71,10.0,25.0
0.0,8.4,10.0,26.0
0.14,15.76,10.0,27.0
0.0,14.5,10.0,28.0
0.0,15.49,10.0,29.0
0.0,14.79,10.0,30.0
0.01,14.73,10.0,31.0
0.0,9.87,10.0,32.0
0.0,9.83,10.0,33.0
0.0,15.11,10.0,34.0
0.0,8.51,10.0,35.0
0.0,17.83,10.0,36.0
0.0,11.28,10.0,37.0
0.0,14.03,10.0,38.0
0.0,10.91,10.0,39.0
0.0,17.14,11.0,1.0
0.0,12.29,11.0,2.0
0.02,13.68,11.0,3.0
0.0,14.74,11.0,4.0
0.0,15.76,11.0,5.0
0.07,10.51,11.0,6.0
0.0,16.14,11.0,7.0
0.0,15.83,11.0,8.0
0.0,15.28,11.0,9.0
0.0,10.94,11.0,10.0
0.0,16.36,11.0,11.0
0.0,16.47,11.0,12.0
0.1,9.82,11.0,13.0
0.04,13.01,11.0,14.0
0.0,14.06,11.0,15.0
0.0,17.17,11.0,16.0
0.0,16.62,11.0,17.0
0.0,16.08,11.0,18.0
0.0,12.07,11.0,19.0
0.0,14.77,11.0,20.0
0.0,14.01,11.0,21.0
0.08,12.56,11.0,22.0
0.0,17.24,11.0,23.0
0.0,17.59,11.0,24.0
0.0,15.16,11.0,25.0
0.0,16.02,11.0,26.0
0.0,16.64,11.0,27.0
0.0,14.37,11.0,28.0
0.1,11.89,11.0,29.0
0.1,12.81,11.0,30.0
0.0,15.22,11.0,31.0
0.1,11.63,11.0,32.0
0.06,10.07,11.0,33.0
0.0,10.25,11.0,34.0
0.0,15.55,11.0,35.0
0.0,14.23,11.0,36.0
0.0,15.43,11.0,37.0
0.0,11.0,11.0,38.0
0.0,14.61,11.0,39.0
0.1,11.34,11.0,40.0
0.0,14.06,11.0,41.0
0.0,16.57,11.0,42.0
0.1,9.91,11.0,43.0
0.0,16.91,11.0,44.0
0.1,10.22,11.0,45.0
0.0,14.8,11.0,46.0
0.0,22.38,12.0,1.0
0.0,22.17,12.0,2.0
0.0,23.67,12.0,3.0
0.0,20.96,12.0,4.0
0.01,24.36,12.0,5.0
0.0,25.25,12.0,6.0
0.0,26.41,12.0,7.0
0.05,25.01,12.0,8.0
0.0,20.24,12.0,9.0
0.0,20.64,12.0,10.0
0.0,20.96,12.0,11.0
0.0,22.3,12.0,12.0
0.0,23.99,12.0,13.0
0.0,26.38,12.0,14.0
0.09,23.78,12.0,15.0
0.0,23.71,12.0,16.0
0.0,24.86,12.0,17.0
0.0,25.03,12.0,18.0
0.01,24.24,12.0,19.0
0.0,21.16,12.0,20.0
0.0,21.28,12.0,21.0
0.0,25.11,12.0,22.0
0.0,24.51,12.0,23.0
0.0,23.62,12.0,24.0
0.0,24.05,12.0,25.0
0.0,24.3,12.0,26.0
0.0,26.67,12.0,27.0
0.0,19.41,12.0,28.0
0.0,17.36,12.0,29.0
0.0,24.31,12.0,30.0
0.0,24.2,12.0,31.0
0.0,19.7,12.0,32.0
0.03,24.74,12.0,33.0
0.1,24.54,12.0,34.0
0.05,24.93,12.0,35.0
0.0,23.77,12.0,36.0
0.0,21.14,12.0,37.0
0.0,25.27,12.0,38.0
0.0,19.96,12.0,39.0
0.0,17.73,12.0,40.0
0.0,21.37,12.0,41.0
0.0,21.82,12.0,42.0
0.0,21.54,12.0,43.0
0.0,20.02,12.0,44.0
0.0,24.34,12.0,45.0
0.0,23.93,12.0,46.0
0.0,20.32,12.0,47.0
0.0,24.65,12.0,48.0
0.1,19.68,12.0,49.0
0.0,29.73,12.0,50.0
0.0,20.34,12.0,51.0
0.0,23.29,12.0,52.0
0.0,23.27,12.0,53.0
0.0,21.76,12.0,54.0
0.05,21.4,12.0,55.0
0.0,22.3,12.0,56.0
0.0,23.61,12.0,57.0
0.0,23.12,12.0,58.0
0.06,25.26,12.0,59.0
0.06,19.29,12.0,60.0
0.0,18.73,12.0,61.0
0.0,22.99,12.0,62.0
0.0,20.63,12.0,63.0
0.0,28.06,12.0,64.0
0.02,23.41,12.0,65.0
0.01,23.26,12.0,66.0
0.0,28.91,12.0,67.0
0.0,25.06,12.0,68.0
0.0,22.04,12.0,69.0
0.05,25.28,12.0,70.0
0.0,22.92,12.0,71.0
0.0,16.18,12.0,72.0
0.0,25.33,12.0,73.0
0.0,20.6,12.0,74.0
0.0,21.02,12.0,75.0
0.0,21.17,12.0,76.0
0.0,24.36,12.0,77.0
0.0,22.03,12.0,78.0
0.0,20.05,12.0,79.0
0.0,24.29,12.0,80.0
0.0,22.38,12.0,81.0
0.17,8.77,13.0,1.0
0.1,9.67,13.0,2.0
0.16,9.91,13.0,3.0
0.18,11.09,13.0,4.0
0.0,10.48,13.0,5.0
0.18,12.25,13.0,6.0
0.1,8.5,13.0,7.0
0.06,9.25,13.0,8.0
0.07,9.5,13.0,9.0
0.0,10.63,13.0,10.0
0.02,19.14,13.0,11.0
0.31,9.12,13.0,12.0
0.01,10.6,13.0,13.0
0.17,16.15,13.0,14.0
0.2,12.86,13.0,15.0
0.06,8.02,13.0,16.0
0.05,10.24,13.0,17.0
0.01,15.55,13.0,18.0
0.14,11.35,13.0,19.0
0.3,13.09,13.0,20.0
0.0,10.5,13.0,21.0
0.05,8.23,13.0,22.0
0.02,10.36,13.0,23.0
0.2,8.32,13.0,24.0
0.04,19.74,13.0,25.0
0.04,17.98,13.0,26.0
0.08,16.03,13.0,27.0
0.0,19.58,13.0,28.0
0.1,11.68,13.0,29.0
0.2,13.15,13.0,30.0
0.16,14.39,13.0,31.0
0.0,19.39,13.0,32.0
0.29,13.64,13.0,33.0
0.21,15.13,13.0,34.0
0.13,9.56,13.0,35.0
0.37,11.14,13.0,36.0
0.33,11.83,13.0,37.0
0.13,8.33,13.0,38.0
0.05,7.68,13.0,39.0
0.05,14.73,13.0,40.0
0.05,10.68,13.0,41.0
0.3,13.99,13.0,42.0
0.17,13.89,13.0,43.0
0.02,10.19,13.0,44.0
0.13,7.64,13.0,45.0
0.0,19.69,13.0,46.0
0.08,15.24,13.0,47.0
0.07,9.69,13.0,48.0
0.0,16.2,13.0,49.0
0.09,11.16,13.0,50.0
0.05,9.55,13.0,51.0
0.06,10.06,13.0,52.0
0.17,14.29,13.0,53.0
0.11,10.71,13.0,54.0
0.19,11.25,13.0,55.0
0.03,7.82,13.0,56.0
0.05,7.79,13.0,57.0
0.2,13.93,13.0,58.0
0.12,13.77,13.0,59.0
0.11,11.67,13.0,60.0
0.05,9.32,13.0,61.0
0.07,15.53,13.0,62.0
0.05,9.62,13.0,63.0
0.02,10.27,13.0,64.0
0.0,10.57,13.0,65.0
0.0,11.15,13.0,66.0
0.0,10.65,13.0,67.0
0.27,14.12,13.0,68.0
0.0,11.72,13.0,69.0
0.0,10.58,13.0,70.0
0.22,13.71,13.0,71.0
0.0,10.47,13.0,72.0
0.11,16.79,13.0,73.0
0.0,10.64,13.0,74.0
0.0,10.94,13.0,75.0
0.01,10.06,13.0,76.0
0.09,8.79,13.0,77.0
0.1,18.04,13.0,78.0
0.3,13.97,13.0,79.0
0.06,17.96,13.0,80.0
0.34,12.47,13.0,81.0
0.01,10.64,13.0,82.0
0.0,9.91,13.0,83.0
0.17,14.64,13.0,84.0
0.0,17.06,14.0,1.0
0.0,15.24,14.0,2.0
0.0,14.51,14.0,3.0
0.0,12.89,14.0,4.0
0.0,16.88,14.0,5.0
0.0,14.35,14.0,6.0
0.0,14.78,14.0,7.0
0.0,15.72,14.0,8.0
0.0,15.91,14.0,9.0
0.0,13.08,14.0,10.0
0.0,13.96,14.0,11.0
0.0,15.17,14.0,12.0
0.0,17.71,14.0,13.0
0.0,14.87,14.0,14.0
0.0,12.92,14.0,15.0
0.0,17.93,14.0,16.0
0.0,14.38,14.0,17.0
0.0,18.63,14.0,18.0
0.0,15.73,14.0,19.0
0.0,23.25,14.0,20.0
0.0,16.23,14.0,21.0
0.0,21.52,14.0,22.0
0.0,12.28,14.0,23.0
0.0,13.94,14.0,24.0
0.0,14.61,14.0,25.0
0.0,16.41,14.0,26.0
0.0,15.02,14.0,27.0
0.0,14.8,14.0,28.0
0.0,17.15,14.0,29.0
0.0,20.69,14.0,30.0
0.0,15.65,14.0,31.0
0.0,12.92,14.0,32.0
0.0,17.6,14.0,33.0
0.0,13.15,14.0,34.0
0.0,15.53,14.0,35.0
0.0,14.57,14.0,36.0
0.0,12.21,14.0,37.0
0.0,15.83,14.0,38.0
0.0,17.38,14.0,39.0
0.0,16.34,14.0,40.0
0.0,14.26,14.0,41.0
0.0,14.39,14.0,42.0
0.0,21.68,14.0,43.0
0.0,20.07,14.0,44.0
0.0,17.91,14.0,45.0
0.0,16.57,14.0,46.0
0.0,20.03,14.0,47.0
0.0,16.24,14.0,48.0
0.0,23.83,14.0,49.0
0.0,18.01,14.0,50.0
0.0,18.54,14.0,51.0
0.0,13.57,14.0,52.0
0.0,14.61,14.0,53.0
0.0,12.85,14.0,54.0
0.0,15.57,14.0,55.0
0.0,22.22,14.0,56.0
0.0,17.05,14.0,57.0
0.0,17.47,14.0,58.0
0.0,17.38,14.0,59.0
0.0,16.23,14.0,60.0
0.0,15.0,14.0,61.0
0.0,15.19,14.0,62.0
0.0,19.32,14.0,63.0
0.0,12.2,14.0,64.0
0.0,19.37,14.0,65.0
0.0,20.46,14.0,66.0
0.0,20.63,14.0,67.0
0.0,18.97,14.0,68.0
0.0,19.07,14.0,69.0
0.0,18.04,14.0,70.0
0.0,18.64,14.0,71.0
0.0,15.6,14.0,72.0
0.0,16.46,14.0,73.0
0.0,15.74,14.0,74.0
0.0,15.24,14.0,75.0
0.0,15.88,14.0,76.0
0.0,14.18,14.0,77.0
0.0,15.78,14.0,78.0
0.0,14.94,14.0,79.0
0.0,18.74,14.0,80.0
0.0,14.49,14.0,81.0
0.0,12.58,14.0,82.0
0.0,15.26,14.0,83.0
0.0,19.77,14.0,84.0
0.0,16.32,14.0,85.0
0.0,11.91,14.0,86.0
0.0,19.12,14.0,87.0
0.0,13.76,14.0,88.0
0.0,14.15,14.0,89.0
0.0,13.62,14.0,90.0
0.0,16.11,14.0,91.0
0.0,17.45,14.0,92.0
0.0,16.47,14.0,93.0
0.0,17.28,14.0,94.0
0.0,14.73,14.0,95.0
0.0,19.05,14.0,96.0
0.0,17.52,14.0,97.0
0.0,17.34,14.0,98.0
0.0,9.84,14.0,99.0
0.0,22.57,14.0,100.0
0.0,18.07,14.0,101.0
0.0,12.92,14.0,102.0
0.0,14.86,14.0,103.0
0.0,14.88,14.0,104.0
0.0,17.88,14.0,105.0
0.0,11.3,14.0,106.0
0.0,18.83,14.0,107.0
0.0,14.71,14.0,108.0
0.0,15.62,14.0,109.0
0.0,13.31,14.0,110.0
0.0,16.18,14.0,111.0
0.0,18.27,14.0,112.0
0.0,10.67,14.0,113.0
0.0,14.3,14.0,114.0
0.0,15.95,14.0,115.0
0.0,14.9,14.0,116.0
0.0,16.41,14.0,117.0
0.0,16.11,14.0,118.0
0.0,14.97,14.0,119.0
0.0,17.22,14.0,120.0
0.0,13.93,14.0,121.0
0.0,15.89,14.0,122.0
0.0,18.68,14.0,123.0
0.0,17.8,14.0,124.0
0.0,15.72,14.0,125.0
0.01,9.97,15.0,1.0
0.0,13.66,15.0,2.0
0.0,10.25,15.0,3.0
0.04,14.25,15.0,4.0
0.1,9.42,15.0,5.0
0.16,12.38,15.0,6.0
0.01,6.68,15.0,7.0
0.0,22.63,15.0,8.0
0.0,11.33,15.0,9.0
0.0,10.69,15.0,10.0
0.03,14.51,15.0,11.0
0.2,11.95,15.0,12.0
0.1,10.19,15.0,13.0
0.02,10.01,15.0,14.0
0.09,12.77,15.0,15.0
0.0,11.98,15.0,16.0
0.0,11.79,15.0,17.0
0.12,10.66,15.0,18.0
0.2,11.59,15.0,19.0
0.04,12.71,15.0,20.0
0.1,13.55,15.0,21.0
0.0,8.37,15.0,22.0
0.01,10.89,15.0,23.0
0.05,11.45,15.0,24.0
0.1,7.69,15.0,25.0
0.1,7.64,15.0,26.0
0.17,5.97,15.0,27.0
0.01,14.4,15.0,28.0
0.07,10.88,15.0,29.0
0.01,14.57,15.0,30.0
0.07,13.46,15.0,31.0
0.0,9.59,15.0,32.0
0.03,14.23,15.0,33.0
0.1,9.59,15.0,34.0
0.03,10.63,15.0,35.0
0.0,10.95,15.0,36.0
0.14,8.12,15.0,37.0
0.11,10.16,15.0,38.0
0.1,7.98,15.0,39.0
0.08,13.32,15.0,40.0
0.0,12.88,15.0,41.0
0.1,10.21,15.0,42.0
0.0,6.61,15.0,43.0
0.01,11.78,15.0,44.0
0.06,9.08,15.0,45.0
0.13,7.14,15.0,46.0
0.09,6.06,15.0,47.0
0.07,9.82,15.0,48.0
0.14,13.45,15.0,49.0
0.0,10.97,15.0,50.0
0.2,10.39,15.0,51.0
0.09,14.96,15.0,52.0
0.03,11.63,15.0,53.0
0.17,5.87,15.0,54.0
0.15,5.73,15.0,55.0
0.1,7.07,15.0,56.0
0.0,10.0,15.0,57.0
0.07,14.44,15.0,58.0
0.0,12.44,15.0,59.0
0.1,7.36,15.0,60.0
0.0,11.83,15.0,61.0
0.2,6.41,15.0,62.0
0.1,9.88,15.0,63.0
0.0,9.5,15.0,64.0
0.0,12.62,15.0,65.0
0.0,17.73,15.0,66.0
0.15,9.62,15.0,67.0
0.0,12.96,15.0,68.0
0.01,14.41,15.0,69.0
0.09,12.27,15.0,70.0
0.0,10.49,15.0,71.0
0.15,11.73,15.0,72.0
0.2,11.95,15.0,73.0
0.03,13.11,15.0,74.0
0.0,12.84,15.0,75.0
0.2,6.07,15.0,76.0
0.02,13.23,15.0,77.0
0.0,15.22,15.0,78.0
0.02,9.42,15.0,79.0
0.01,18.41,15.0,80.0
0.02,12.95,15.0,81.0
0.0,19.0,15.0,82.0
0.0,8.45,15.0,83.0
0.0,12.14,15.0,84.0
0.0,9.87,15.0,85.0
0.08,9.55,15.0,86.0
0.12,9.58,15.0,87.0
0.11,15.68,15.0,88.0
0.0,9.64,15.0,89.0
0.14,12.3,15.0,90.0
0.02,11.21,15.0,91.0
0.0,13.31,15.0,92.0
0.03,11.95,15.0,93.0
0.1,10.35,15.0,94.0
0.08,9.53,15.0,95.0
0.0,10.88,15.0,96.0
0.05,12.6,15.0,97.0
0.16,6.02,15.0,98.0
0.07,11.72,15.0,99.0
0.0,14.22,15.0,100.0
0.2,11.6,15.0,101.0
0.03,8.81,15.0,102.0
0.0,4.15,15.0,103.0
0.05,12.59,15.0,104.0
0.0,25.19,15.0,105.0
0.17,9.71,15.0,106.0
0.08,18.34,15.0,107.0
0.04,11.97,15.0,108.0
0.0,12.1,15.0,109.0
0.01,11.08,15.0,110.0
0.0,9.66,15.0,111.0
0.1,7.36,15.0,112.0
0.1,12.97,15.0,113.0
0.05,13.4,15.0,114.0
0.14,10.16,15.0,115.0
0.0,16.26,15.0,116.0
0.04,16.73,15.0,117.0
0.08,9.63,15.0,118.0
0.1,17.86,15.0,119.0
0.0,11.66,15.0,120.0
0.06,11.1,15.0,121.0
0.1,11.77,15.0,122.0
0.0,21.28,15.0,123.0
0.0,11.03,15.0,124.0
0.02,12.94,15.0,125.0
0.0,14.86,16.0,1.0
0.0,21.84,16.0,2.0
0.0,12.66,16.0,3.0
0.0,17.29,16.0,4.0
0.0,5.98,16.0,5.0
0.0,25.92,16.0,6.0
0.0,6.84,16.0,7.0
0.0,22.24,16.0,8.0
0.0,20.21,16.0,9.0
0.0,22.35,16.0,10.0
0.0,19.12,16.0,11.0
0.0,26.02,16.0,12.0
0.0,23.94,16.0,13.0
0.0,21.24,16.0,14.0
0.0,19.3,16.0,15.0
0.0,12.08,16.0,16.0
0.0,8.92,16.0,17.0
0.0,13.12,16.0,18.0
0.0,19.8,16.0,19.0
0.0,13.23,16.0,20.0
0.0,14.1,16.0,21.0
0.0,13.29,16.0,22.0
0.0,18.22,16.0,23.0
0.0,11.52,16.0,24.0
0.0,13.09,16.0,25.0
0.0,19.75,16.0,26.0
0.0,13.06,16.0,27.0
0.0,17.33,16.0,28.0
0.0,23.81,16.0,29.0
0.0,17.99,16.0,30.0
0.0,9.94,16.0,31.0
0.0,11.86,16.0,32.0
0.0,21.42,16.0,33.0
0.0,11.74,16.0,34.0
0.0,25.46,16.0,35.0
0.0,13.33,16.0,36.0
0.0,12.85,16.0,37.0
0.0,25.71,16.0,38.0
0.0,13.39,16.0,39.0
0.0,11.83,16.0,40.0
0.0,7.06,16.0,41.0
0.0,18.28,16.0,42.0
0.0,17.2,16.0,43.0
0.0,13.52,16.0,44.0
0.0,18.54,16.0,45.0
0.0,17.31,16.0,46.0
0.0,13.3,16.0,47.0
0.0,13.25,16.0,48.0
0.0,18.67,16.0,49.0
0.0,8.57,16.0,50.0
0.0,17.94,16.0,51.0
0.0,24.59,16.0,52.0
0.0,13.2,16.0,53.0
0.0,13.38,16.0,54.0
0.0,26.55,16.0,55.0
0.0,11.29,16.0,56.0
0.0,22.51,16.0,57.0
0.0,16.05,16.0,58.0
0.0,20.6,16.0,59.0
0.0,17.77,16.0,60.0
0.0,6.55,16.0,61.0
0.0,18.6,16.0,62.0
0.0,15.24,16.0,63.0
0.0,25.45,16.0,64.0
0.0,11.81,16.0,65.0
0.0,13.37,16.0,66.0
0.0,16.91,16.0,67.0
0.0,20.71,16.0,68.0
0.0,17.71,16.0,69.0
0.0,13.95,16.0,70.0
0.0,15.22,16.0,71.0
0.0,11.43,16.0,72.0
0.0,12.22,16.0,73.0
0.0,19.33,16.0,74.0
0.0,17.7,16.0,75.0
0.0,18.67,16.0,76.0
0.0,28.01,16.0,77.0
0.0,13.44,16.0,78.0
0.0,15.56,16.0,79.0
0.0,6.39,16.0,80.0
0.0,17.57,16.0,81.0
0.0,18.54,16.0,82.0
0.0,21.35,16.0,83.0
0.0,18.12,16.0,84.0
0.0,15.78,16.0,85.0
0.0,18.29,16.0,86.0
0.0,16.68,16.0,87.0
0.0,12.82,16.0,88.0
0.0,24.37,16.0,89.0
0.0,12.28,16.0,90.0
0.0,18.42,16.0,91.0
0.0,23.44,16.0,92.0
0.0,7.36,16.0,93.0
0.0,16.08,16.0,94.0
0.0,20.88,16.0,95.0
0.0,20.89,16.0,96.0
0.0,22.81,16.0,97.0
0.0,9.42,16.0,98.0
0.0,20.56,16.0,99.0
0.0,12.5,16.0,100.0
0.0,17.08,16.0,101.0
0.0,14.6,16.0,102.0
0.0,19.41,16.0,103.0
0.0,18.57,16.0,104.0
0.0,18.35,16.0,105.0
0.0,18.12,16.0,106.0
0.0,12.21,16.0,107.0
0.0,17.7,16.0,108.0
0.0,17.48,16.0,109.0
0.0,10.71,16.0,110.0
0.0,13.66,16.0,111.0
0.0,10.0,16.0,112.0
0.0,17.17,16.0,113.0
0.08,23.49,17.0,1.0
0.09,13.79,17.0,2.0
0.03,23.59,17.0,3.0
0.03,22.17,17.0,4.0
0.1,21.58,17.0,5.0
0.05,19.6,17.0,6.0
0.03,16.51,17.0,7.0
0.0,23.27,17.0,8.0
0.07,10.01,17.0,9.0
0.02,21.01,17.0,10.0
0.0,21.7,17.0,11.0
0.1,24.95,17.0,12.0
0.0,20.53,17.0,13.0
0.06,23.0,17.0,14.0
0.07,20.5,17.0,15.0
0.07,13.3,17.0,16.0
0.1,24.49,17.0,17.0
0.03,19.52,17.0,18.0
0.01,23.0,17.0,19.0
0.1,17.96,17.0,20.0
0.06,21.96,17.0,21.0
0.1,10.25,17.0,22.0
0.1,15.02,17.0,23.0
0.03,24.08,17.0,24.0
0.1,24.9,17.0,25.0
0.1,17.0,17.0,26.0
0.1,13.36,17.0,27.0
0.03,23.79,17.0,28.0
0.07,20.85,17.0,29.0
0.07,16.38,17.0,30.0
0.0,24.84,17.0,31.0
0.05,15.72,17.0,32.0
0.01,18.64,17.0,33.0
0.0,16.32,18.0,1.0
0.0,15.64,18.0,2.0
0.0,14.93,18.0,3.0
0.0,19.74,18.0,4.0
0.0,14.57,18.0,5.0
0.0,14.94,18.0,6.0
0.0,14.9,18.0,7.0
0.0,17.72,18.0,8.0
0.0,14.74,18.0,9.0
0.0,17.76,18.0,10.0
0.0,17.36,18.0,11.0
0.0,20.22,18.0,12.0
0.0,16.26,18.0,13.0
0.0,15.29,18.0,14.0
0.0,19.27,18.0,15.0
0.0,18.51,18.0,16.0
0.0,16.67,18.0,17.0
0.0,18.63,18.0,18.0
0.0,14.65,18.0,19.0
0.0,21.57,18.0,20.0
0.0,14.8,19.0,1.0
0.0,16.01,19.0,2.0
0.0,16.61,19.0,3.0
0.0,14.92,19.0,4.0
0.0,18.09,19.0,5.0
0.0,16.08,19.0,6.0
0.0,10.9,19.0,7.0
0.0,15.93,19.0,8.0
0.0,16.36,19.0,9.0
0.0,15.16,19.0,10.0
0.0,15.56,19.0,11.0
0.0,15.32,19.0,12.0
0.0,17.05,19.0,13.0
0.0,13.26,19.0,14.0
0.0,16.46,19.0,15.0
0.0,15.55,19.0,16.0
0.1,9.98,19.0,17.0
0.0,14.03,19.0,18.0
0.0,15.14,19.0,19.0
0.0,16.4,19.0,20.0
0.0,15.36,19.0,21.0
0.0,17.04,19.0,22.0
0.0,16.61,19.0,23.0
0.0,10.23,19.0,24.0
0.0,15.26,19.0,25.0
0.0,15.67,19.0,26.0
0.0,16.83,19.0,27.0
0.0,14.52,19.0,28.0
0.0,15.5,19.0,29.0
0.1,11.28,19.0,30.0
0.0,15.35,19.0,31.0
0.0,17.22,19.0,32.0
0.04,16.01,19.0,33.0
0.0,15.29,19.0,34.0
0.0,16.64,19.0,35.0
0.0,13.55,19.0,36.0
0.0,15.48,19.0,37.0
0.02,15.37,19.0,38.0
0.0,14.35,19.0,39.0
0.0,16.86,19.0,40.0
0.0,16.32,19.0,41.0
0.0,16.86,19.0,42.0
0.05,10.36,19.0,43.0
0.0,15.45,19.0,44.0
0.0,14.64,19.0,45.0
0.0,16.18,19.0,46.0
0.0,14.33,19.0,47.0
0.0,12.69,19.0,48.0
0.0,11.96,19.0,49.0
0.0,16.78,19.0,50.0
0.0,14.98,19.0,51.0
1.55,13.72,20.0,1.0
0.3,23.96,20.0,2.0
0.22,17.4,20.0,3.0
0.34,17.49,20.0,4.0
4.9,25.04,20.0,5.0
1.1,15.8,20.0,6.0
0.14,20.01,20.0,7.0
0.03,23.79,20.0,8.0
0.87,20.61,20.0,9.0
4.9,23.54,20.0,10.0
0.02,21.96,20.0,11.0
0.0,25.0,20.0,12.0
0.18,17.67,20.0,13.0
4.1,25.32,20.0,14.0
0.46,19.47,20.0,15.0
0.0,20.48,20.0,16.0
0.1,18.95,20.0,17.0
0.44,16.4,20.0,18.0
2.32,16.75,20.0,19.0
0.0,21.19,20.0,20.0
0.0,23.71,20.0,21.0
0.34,19.55,20.0,22.0
0.11,16.73,20.0,23.0
1.47,16.98,20.0,24.0
0.0,29.16,20.0,25.0
0.0,18.55,20.0,26.0
1.2,16.2,20.0,27.0
0.56,19.37,20.0,28.0
0.33,17.75,20.0,29.0
0.57,26.75,20.0,30.0
0.18,16.12,20.0,31.0
0.08,24.27,20.0,32.0
0.36,15.05,20.0,33.0
0.1,23.4,20.0,34.0
0.74,12.66,20.0,35.0
2.91,21.7,20.0,36.0
0.0,22.35,20.0,37.0
0.09,15.2,20.0,38.0
0.4,20.35,20.0,39.0
0.82,16.87,20.0,40.0
0.54,17.72,20.0,41.0
1.24,15.91,20.0,42.0
1.57,27.41,20.0,43.0
2.3,23.03,20.0,44.0
0.43,14.32,20.0,45.0
0.69,16.74,20.0,46.0
0.6,15.8,20.0,47.0
0.0,15.97,20.0,48.0
0.35,18.99,20.0,49.0
0.16,16.06,20.0,50.0
0.55,17.45,20.0,51.0
0.03,23.45,20.0,52.0
0.74,26.26,20.0,53.0
0.84,16.23,20.0,54.0
0.08,23.54,20.0,55.0
0.0,24.14,20.0,56.0
6.1,23.22,20.0,57.0
1.04,17.45,20.0,58.0
0.47,18.21,20.0,59.0
0.1,15.57,20.0,60.0
0.14,18.15,20.0,61.0
0.42,12.92,20.0,62.0
0.36,14.81,20.0,63.0
0.58,20.43,20.0,64.0
0.03,20.36,20.0,65.0
0.6,26.62,20.0,66.0
0.22,15.59,20.0,67.0
0.45,18.58,20.0,68.0
0.11,18.87,20.0,69.0
0.0,23.55,20.0,70.0
0.0,24.2,20.0,71.0
0.46,19.1,20.0,72.0
0.0,20.79,20.0,73.0
0.76,15.16,20.0,74.0
0.0,27.67,20.0,75.0
0.0,22.47,20.0,76.0
0.36,14.81,20.0,77.0
0.16,16.3,20.0,78.0
0.01,28.13,20.0,79.0
0.02,19.11,20.0,80.0
0.05,20.3,20.0,81.0
0.0,22.99,20.0,82.0
0.14,16.55,20.0,83.0
0.4,14.41,20.0,84.0
0.0,23.55,20.0,85.0
0.13,16.58,20.0,86.0
0.13,15.14,20.0,87.0
0.0,21.11,20.0,88.0
0.38,18.15,20.0,89.0
0.0,23.64,20.0,90.0
0.13,15.14,20.0,91.0
0.17,15.39,20.0,92.0
0.62,15.96,20.0,93.0
0.43,15.06,20.0,94.0
0.04,17.91,20.0,95.0
1.1,15.82,20.0,96.0
0.3,14.45,20.0,97.0
1.9,19.08,20.0,98.0
0.0,23.85,20.0,99.0
0.29,15.42,20.0,100.0
0.04,18.77,20.0,101.0
0.36,14.79,20.0,102.0
0.35,18.52,20.0,103.0
0.1,15.54,20.0,104.0
0.26,17.32,20.0,105.0
0.62,15.8,20.0,106.0
0.12,15.99,20.0,107.0
0.09,15.81,20.0,108.0
0.3,17.84,20.0,109.0
0.05,17.12,20.0,110.0
0.0,23.54,20.0,111.0
0.7,18.79,20.0,112.0
0.0,23.55,20.0,113.0
0.14,14.73,20.0,114.0
0.18,16.99,20.0,115.0
0.77,18.62,20.0,116.0
0.0,24.75,20.0,117.0
0.45,17.13,20.0,118.0
0.0,16.51,20.0,119.0
0.14,13.8,20.0,120.0
1.06,15.63,20.0,121.0
0.14,20.27,20.0,122.0
0.0,16.71,20.0,123.0
0.34,27.42,20.0,124.0
1.6,20.52,20.0,125.0
0.54,15.84,20.0,126.0
0.16,15.84,20.0,127.0
0.44,15.77,20.0,128.0
0.82,15.57,20.0,129.0
0.13,27.56,20.0,130.0
0.88,19.12,20.0,131.0
0.46,18.75,20.0,132.0
0.01,18.14,20.0,133.0
0.69,21.54,20.0,134.0
0.29,15.23,20.0,135.0
2.2,18.31,20.0,136.0
0.01,18.3,20.0,137.0
0.1,14.43,20.0,138.0
1.58,16.71,20.0,139.0
0.81,16.31,20.0,140.0
0.04,28.59,20.0,141.0
0.29,17.31,20.0,142.0
0.02,28.25,20.0,143.0
0.71,16.53,20.0,144.0
0.18,16.04,20.0,145.0
0.54,16.3,20.0,146.0
0.58,16.3,20.0,147.0
0.07,20.56,20.0,148.0
0.02,18.95,20.0,149.0
0.83,14.78,20.0,150.0
0.4,16.37,20.0,151.0
0.01,21.55,20.0,152.0
0.0,23.99,20.0,153.0
0.26,16.28,20.0,154.0
0.04,18.16,20.0,155.0
0.74,16.3,20.0,156.0
0.21,15.74,20.0,157.0
0.0,20.92,20.0,158.0
0.0,21.21,20.0,159.0
0.15,21.34,20.0,160.0
0.96,15.35,20.0,161.0
0.64,19.1,20.0,162.0
0.36,17.5,20.0,163.0
0.0,22.61,20.0,164.0
0.2,22.86,20.0,165.0
1.17,22.21,20.0,166.0
0.19,16.37,20.0,167.0
0.0,24.62,20.0,168.0
0.3,21.49,20.0,169.0
1.13,16.84,20.0,170.0
0.47,20.18,20.0,171.0
0.39,15.91,20.0,172.0
1.6,13.55,20.0,173.0
0.14,16.55,20.0,174.0
1.97,14.82,20.0,175.0
1.27,15.68,20.0,176.0
2.09,16.69,20.0,177.0
0.4,13.8,20.0,178.0
0.9,14.31,20.0,179.0
0.0,24.3,20.0,180.0
0.33,17.46,20.0,181.0
2.16,18.09,20.0,182.0
0.04,22.76,20.0,183.0
1.87,22.9,20.0,184.0
0.0,23.6,20.0,185.0
0.09,24.71,20.0,186.0
0.6,17.93,20.0,187.0
0.0,23.16,20.0,188.0
0.64,18.06,20.0,189.0
2.08,21.89,20.0,190.0
0.46,12.54,20.0,191.0
0.36,17.9,20.0,192.0
0.65,13.92,20.0,193.0
0.26,17.64,20.0,194.0
0.38,16.41,20.0,195.0
1.06,12.84,20.0,196.0
0.32,16.51,20.0,197.0
5.43,22.65,20.0,198.0
0.1,24.05,20.0,199.0
0.13,18.99,20.0,200.0
0.48,13.85,20.0,201.0
0.0,21.67,20.0,202.0
0.85,19.71,20.0,203.0
0.2,20.34,20.0,204.0
1.73,21.46,20.0,205.0
0.8,18.18,20.0,206.0
4.19,21.55,20.0,207.0
0.07,17.55,20.0,208.0
0.49,15.59,20.0,209.0
0.14,17.2,20.0,210.0
0.12,20.51,20.0,211.0
0.94,18.03,20.0,212.0
0.0,20.99,20.0,213.0
2.23,15.37,20.0,214.0
0.95,16.01,20.0,215.0
0.29,14.73,20.0,216.0
0.43,16.21,20.0,217.0
0.11,17.61,20.0,218.0
0.36,17.27,20.0,219.0
2.5,15.93,20.0,220.0
0.87,15.72,20.0,221.0
0.9,15.62,20.0,222.0
0.6,15.77,20.0,223.0
1.1,15.64,20.0,224.0
0.0,23.34,20.0,225.0
0.39,17.46,20.0,226.0
0.29,15.29,20.0,227.0
0.31,17.6,20.0,228.0
0.01,19.66,20.0,229.0
0.0,21.84,20.0,230.0
0.74,19.95,20.0,231.0
0.93,22.06,20.0,232.0
0.55,17.56,20.0,233.0
0.48,17.58,20.0,234.0
0.96,18.67,20.0,235.0
0.02,21.48,20.0,236.0
0.15,21.23,20.0,237.0
0.23,19.08,20.0,238.0
0.23,16.33,20.0,239.0
0.0,18.06,20.0,240.0
0.04,18.77,20.0,241.0
0.0,20.08,20.0,242.0
0.29,17.75,20.0,243.0
0.4,17.84,20.0,244.0
0.0,23.15,20.0,245.0
0.08,14.89,20.0,246.0
0.42,12.92,20.0,247.0
0.0,28.27,20.0,248.0
0.42,17.57,20.0,249.0
0.84,16.23,20.0,250.0
0.0,24.01,20.0,251.0
0.13,17.02,20.0,252.0
0.0,23.09,20.0,253.0
0.03,19.52,20.0,254.0
0.08,17.93,20.0,255.0
0.68,15.8,20.0,256.0
0.14,15.08,20.0,257.0
0.3,15.96,20.0,258.0
0.08,23.63,20.0,259.0
1.33,13.74,20.0,260.0
0.14,23.16,20.0,261.0
0.06,14.13,20.0,262.0
0.0,20.07,20.0,263.0
1.14,15.79,20.0,264.0
2.98,23.22,20.0,265.0
0.05,25.02,20.0,266.0
0.48,12.55,20.0,267.0
0.21,19.22,20.0,268.0
0.03,17.81,20.0,269.0
1.41,16.52,20.0,270.0
0.0,16.67,20.0,271.0
0.0,22.39,20.0,272.0
0.1,14.95,20.0,273.0
0.05,16.99,20.0,274.0
0.71,19.28,20.0,275.0
1.95,16.32,20.0,276.0
0.08,18.62,20.0,277.0
0.37,23.64,20.0,278.0
0.03,19.97,20.0,279.0
0.46,14.96,20.0,280.0
0.84,16.23,20.0,281.0
0.01,24.86,20.0,282.0
0.95,15.93,20.0,283.0
0.6,18.68,20.0,284.0
0.0,23.9,20.0,285.0
0.02,19.38,20.0,286.0
0.71,15.67,20.0,287.0
0.55,13.95,20.0,288.0
0.12,18.98,20.0,289.0
0.07,23.72,20.0,290.0
0.0,21.16,20.0,291.0
0.11,15.92,20.0,292.0
0.27,15.2,20.0,293.0
0.63,14.29,20.0,294.0
0.15,17.83,20.0,295.0
1.64,13.94,20.0,296.0
0.03,17.96,20.0,297.0
0.4,16.16,20.0,298.0
0.07,14.6,20.0,299.0
0.0,23.12,20.0,300.0
0.25,18.6,20.0,301.0
0.0,23.24,20.0,302.0
0.07,14.6,20.0,303.0
1.1,15.69,20.0,304.0
0.31,26.8,20.0,305.0
0.01,20.95,20.0,306.0
0.0,27.06,20.0,307.0
0.01,28.06,20.0,308.0
0.38,22.36,20.0,309.0
0.17,16.12,20.0,310.0
1.7,16.75,20.0,311.0
0.0,23.63,20.0,312.0
1.7,16.81,20.0,313.0
0.0,19.96,20.0,314.0
0.36,18.73,20.0,315.0
1.6,17.99,20.0,316.0
0.23,16.52,20.0,317.0
0.0,25.54,20.0,318.0
0.21,16.91,20.0,319.0
0.04,17.41,20.0,320.0
0.52,16.49,20.0,321.0
0.31,17.6,20.0,322.0
0.15,18.75,20.0,323.0
0.0,27.3,20.0,324.0
0.45,19.39,20.0,325.0
2.34,16.96,20.0,326.0
0.0,28.58,20.0,327.0
0.78,19.36,20.0,328.0
0.11,17.45,20.0,329.0
1.53,18.48,20.0,330.0
0.48,16.21,20.0,331.0
0.82,15.95,20.0,332.0
1.3,19.62,20.0,333.0
0.0,24.95,20.0,334.0
1.06,14.13,20.0,335.0
2.0,15.23,20.0,336.0
0.14,15.79,20.0,337.0
0.36,14.81,20.0,338.0
0.82,15.93,20.0,339.0
0.35,18.76,20.0,340.0
0.62,15.83,20.0,341.0
0.14,17.19,20.0,342.0
0.18,16.04,20.0,343.0
0.0,22.8,20.0,344.0
0.0,23.95,20.0,345.0
0.28,16.69,20.0,346.0
0.13,17.17,20.0,347.0
0.01,19.31,20.0,348.0
0.23,16.8,20.0,349.0
0.1,15.79,20.0,350.0
0.2,18.89,20.0,351.0
0.09,22.87,20.0,352.0
0.04,18.4,20.0,353.0
0.31,17.6,20.0,354.0
1.57,16.39,20.0,355.0
0.2,15.66,20.0,356.0
0.13,20.37,20.0,357.0
0.1,17.57,20.0,358.0
0.99,13.21,20.0,359.0
0.22,18.05,20.0,360.0
0.38,15.56,20.0,361.0
0.07,17.69,20.0,362.0
0.48,13.58,20.0,363.0
0.0,22.35,20.0,364.0
0.17,13.27,20.0,365.0
0.0,22.24,20.0,366.0
0.0,23.66,20.0,367.0
0.55,18.5,20.0,368.0
0.18,17.67,20.0,369.0
0.16,15.86,20.0,370.0
0.02,17.78,20.0,371.0
0.0,18.81,20.0,372.0
0.32,16.41,20.0,373.0
0.39,17.59,20.0,374.0
0.12,15.99,20.0,375.0
0.02,21.6,20.0,376.0
0.0,21.46,20.0,377.0
0.0,16.57,20.0,378.0
0.0,17.65,20.0,379.0
0.27,16.61,20.0,380.0
0.07,23.72,20.0,381.0
0.0,18.64,20.0,382.0
0.0,15.87,20.0,383.0
0.14,18.3,20.0,384.0
0.11,16.7,20.0,385.0
0.0,22.13,20.0,386.0
0.16,18.27,20.0,387.0
0.0,16.7,20.0,388.0
0.26,18.53,20.0,389.0
0.12,15.99,20.0,390.0
0.0,19.15,20.0,391.0
0.0,19.55,20.0,392.0
0.36,18.73,20.0,393.0
0.48,18.58,20.0,394.0
1.39,16.21,20.0,395.0
0.55,17.13,20.0,396.0
0.13,16.88,20.0,397.0
0.08,18.08,20.0,398.0
0.23,15.88,20.0,399.0
0.37,17.86,20.0,400.0
0.0,26.57,20.0,401.0
0.0,24.57,20.0,402.0
0.18,16.99,20.0,403.0
1.07,15.67,20.0,404.0
0.4,16.93,20.0,405.0
0.35,20.3,20.0,406.0
6.1,21.74,20.0,407.0
0.18,16.12,20.0,408.0
0.1,15.79,20.0,409.0
0.1,22.29,20.0,410.0
0.18,16.04,20.0,411.0
3.33,22.89,20.0,412.0
0.0,27.44,20.0,413.0
0.0,24.86,20.0,414.0
0.0,23.01,20.0,415.0
1.4,16.82,20.0,416.0
1.57,21.76,20.0,417.0
0.92,24.49,20.0,418.0
1.02,12.84,20.0,419.0
0.1,15.55,20.0,420.0
0.3,26.8,20.0,421.0
1.04,15.59,20.0,422.0
0.47,15.9,20.0,423.0
0.09,19.77,20.0,424.0
2.5,16.2,20.0,425.0
0.23,14.6,20.0,426.0
5.2,23.06,20.0,427.0
0.22,18.44,20.0,428.0
0.02,18.48,20.0,429.0
0.16,17.16,20.0,430.0
1.3,17.7,20.0,431.0
0.59,16.24,20.0,432.0
0.0,22.68,20.0,433.0
0.36,17.5,20.0,434.0
0.12,16.54,20.0,435.0
1.54,16.8,20.0,436.0
0.21,15.77,20.0,437.0
1.96,16.52,20.0,438.0
0.0,27.43,20.0,439.0
0.18,22.42,20.0,440.0
0.31,27.67,20.0,441.0
0.14,13.8,20.0,442.0
0.17,13.7,20.0,443.0
0.0,18.91,20.0,444.0
0.06,17.38,20.0,445.0
0.0,19.35,20.0,446.0
0.0,22.36,20.0,447.0
0.01,19.88,20.0,448.0
1.6,19.43,20.0,449.0
0.0,21.57,20.0,450.0
1.3,16.05,20.0,451.0
0.35,18.52,20.0,452.0
0.0,27.79,20.0,453.0
0.28,17.41,20.0,454.0
0.17,23.13,20.0,455.0
0.28,20.1,20.0,456.0
0.9,17.68,20.0,457.0
1.73,16.68,20.0,458.0
0.28,18.58,20.0,459.0
1.52,19.31,20.0,460.0
0.0,20.05,20.0,461.0
0.4,18.29,20.0,462.0
0.96,15.53,20.0,463.0
0.68,15.95,20.0,464.0
1.31,20.56,20.0,465.0
0.0,22.5,20.0,466.0
0.0,24.87,20.0,467.0
1.73,20.91,20.0,468.0
0.01,19.81,20.0,469.0
2.0,21.52,20.0,470.0
0.62,15.3,20.0,471.0
2.77,25.03,20.0,472.0
0.15,14.05,20.0,473.0
0.0,24.37,20.0,474.0
0.63,17.99,20.0,475.0
0.4,19.04,20.0,476.0
0.0,20.34,20.0,477.0
1.39,15.09,20.0,478.0
0.7,15.9,20.0,479.0
0.14,16.52,20.0,480.0
0.0,18.71,20.0,481.0
0.0,24.6,20.0,482.0
0.43,14.6,20.0,483.0
0.1,23.56,20.0,484.0
0.0,25.32,20.0,485.0
0.73,15.71,20.0,486.0
0.63,14.99,20.0,487.0
0.75,15.7,20.0,488.0
0.0,23.39,20.0,489.0
0.27,17.12,20.0,490.0
0.04,18.22,20.0,491.0
0.46,16.98,20.0,492.0
0.95,16.01,20.0,493.0
0.17,14.74,20.0,494.0
0.0,22.68,20.0,495.0
0.38,13.29,20.0,496.0
0.0,21.83,20.0,497.0
2.27,22.85,20.0,498.0
0.36,16.14,20.0,499.0
0.0,19.58,20.0,500.0
0.04,22.32,20.0,501.0
0.6,18.28,20.0,502.0
0.1,14.43,20.0,503.0
0.5,13.31,20.0,504.0
1.63,25.7,20.0,505.0
0.08,15.11,20.0,506.0
0.0,25.0,20.0,507.0
1.86,25.5,20.0,508.0
0.0,26.8,20.0,509.0
0.0,19.25,20.0,510.0
0.35,14.97,20.0,511.0
0.12,17.73,20.0,512.0
4.31,22.63,20.0,513.0
0.43,16.46,20.0,514.0
1.55,26.9,20.0,515.0
0.0,19.77,20.0,516.0
0.15,17.36,20.0,517.0
0.7,16.18,20.0,518.0
0.1,15.38,20.0,519.0
0.08,21.58,20.0,520.0
1.0,15.61,20.0,521.0
0.07,14.69,20.0,522.0
1.03,15.79,20.0,523.0
0.3,17.86,20.0,524.0
0.1,26.33,20.0,525.0
0.0,23.81,20.0,526.0
2.32,16.67,20.0,527.0
0.0,18.92,20.0,528.0
0.09,22.41,20.0,529.0
0.45,17.71,20.0,530.0
0.29,14.87,20.0,531.0
0.01,18.45,20.0,532.0
0.01,17.98,20.0,533.0
0.03,19.02,20.0,534.0
0.1,17.29,20.0,535.0
0.59,15.97,20.0,536.0
0.05,21.21,20.0,537.0
0.24,17.61,20.0,538.0
0.29,15.29,20.0,539.0
0.52,16.49,20.0,540.0
0.65,14.84,20.0,541.0
0.2,19.46,20.0,542.0
0.0,22.82,20.0,543.0
0.74,13.34,20.0,544.0
0.48,17.7,20.0,545.0
0.21,14.93,20.0,546.0
0.5,16.11,20.0,547.0
0.71,17.03,20.0,548.0
0.24,19.03,20.0,549.0
0.21,15.49,20.0,550.0
0.46,17.96,20.0,551.0
0.6,15.93,20.0,552.0
0.13,15.08,20.0,553.0
0.49,16.55,20.0,554.0
0.18,17.67,20.0,555.0
0.62,15.8,20.0,556.0
0.43,26.58,20.0,557.0
1.95,17.23,20.0,558.0
2.2,19.52,20.0,559.0
0.2,14.95,20.0,560.0
0.78,19.11,20.0,561.0
0.7,16.18,20.0,562.0
0.05,19.09,20.0,563.0
0.17,17.72,20.0,564.0
0.14,17.18,20.0,565.0
0.03,18.96,20.0,566.0
0.09,24.36,20.0,567.0
0.27,20.7,20.0,568.0
0.55,15.76,20.0,569.0
0.15,16.88,20.0,570.0
0.09,11.93,21.0,1.0
0.06,17.18,21.0,2.0
0.16,23.7,21.0,3.0
0.04,12.76,21.0,4.0
0.03,17.73,21.0,5.0
0.1,11.24,21.0,6.0
0.12,23.2,21.0,7.0
0.0,9.36,21.0,8.0
0.06,24.63,21.0,9.0
0.9,16.82,21.0,10.0
0.03,26.06,21.0,11.0
0.09,10.71,21.0,12.0
0.47,18.34,21.0,13.0
0.1,12.55,21.0,14.0
0.0,12.66,21.0,15.0
0.1,8.04,21.0,16.0
0.08,7.96,21.0,17.0
0.28,17.34,21.0,18.0
0.1,13.74,21.0,19.0
0.07,16.59,21.0,20.0
0.09,23.39,21.0,21.0
0.05,16.73,21.0,22.0
0.19,9.68,21.0,23.0
0.04,26.01,21.0,24.0
0.03,14.96,21.0,25.0
0.0,6.0,21.0,26.0
0.25,16.87,21.0,27.0
0.1,13.06,21.0,28.0
0.04,13.55,21.0,29.0
0.1,13.06,21.0,30.0
0.16,21.88,21.0,31.0
0.0,25.69,21.0,32.0
0.03,16.91,21.0,33.0
0.0,10.38,21.0,34.0
0.25,17.45,21.0,35.0
0.23,17.17,21.0,36.0
0.09,17.86,21.0,37.0
0.05,14.55,21.0,38.0
0.0,10.53,21.0,39.0
0.0,13.93,21.0,40.0
0.09,11.65,21.0,41.0
0.18,23.26,21.0,42.0
0.02,13.5,21.0,43.0
0.1,8.32,21.0,44.0
0.23,10.08,21.0,45.0
0.62,14.17,21.0,46.0
0.05,25.86,21.0,47.0
0.0,5.06,21.0,48.0
0.0,10.8,21.0,49.0
0.05,14.58,21.0,50.0
0.1,23.76,21.0,51.0
0.16,19.47,21.0,52.0
0.1,7.99,21.0,53.0
0.1,8.09,21.0,54.0
0.35,21.45,21.0,55.0
0.04,26.2,21.0,56.0
0.0,10.5,21.0,57.0
0.1,10.38,21.0,58.0
0.05,25.58,21.0,59.0
0.1,6.13,21.0,60.0
0.3,18.91,21.0,61.0
0.09,22.18,21.0,62.0
0.22,10.8,21.0,63.0
0.0,20.0,21.0,64.0
0.09,12.11,21.0,65.0
0.1,25.0,21.0,66.0
0.1,9.81,21.0,67.0
0.08,14.64,21.0,68.0
0.05,17.95,21.0,69.0
0.14,19.25,21.0,70.0
0.1,11.35,21.0,71.0
0.05,14.23,21.0,72.0
0.02,25.03,21.0,73.0
0.1,6.14,21.0,74.0
0.0,10.97,21.0,75.0
0.07,15.14,21.0,76.0
0.08,13.16,21.0,77.0
0.09,10.67,21.0,78.0
0.06,16.44,21.0,79.0
0.0,12.3,21.0,80.0
0.0,25.6,21.0,81.0
0.09,17.62,21.0,82.0
0.1,7.7,21.0,83.0
0.06,13.36,21.0,84.0
0.1,23.98,21.0,85.0
0.03,17.71,21.0,86.0
0.03,25.22,21.0,87.0
0.03,13.65,21.0,88.0
0.06,15.92,21.0,89.0
0.0,9.59,21.0,90.0
0.0,12.33,21.0,91.0
0.26,16.49,21.0,92.0
0.1,9.54,21.0,93.0
0.08,8.83,21.0,94.0
0.0,19.19,21.0,95.0
0.03,11.5,21.0,96.0
0.07,14.88,21.0,97.0
0.11,17.02,21.0,98.0
0.46,12.56,21.0,99.0
0.1,12.32,21.0,100.0
0.0,11.11,21.0,101.0
0.0,7.99,21.0,102.0
0.8,14.49,21.0,103.0
0.07,11.05,21.0,104.0
0.06,8.05,21.0,105.0
0.09,15.08,21.0,106.0
0.0,14.89,21.0,107.0
0.05,10.55,21.0,108.0
0.0,11.66,21.0,109.0
0.3,12.06,21.0,110.0
0.01,18.68,21.0,111.0
0.34,21.81,21.0,112.0
0.1,25.74,21.0,113.0
0.1,14.22,21.0,114.0
0.18,12.14,21.0,115.0
0.09,12.86,21.0,116.0
0.03,10.72,21.0,117.0
0.05,13.48,21.0,118.0
0.1,12.68,21.0,119.0
0.9,16.22,21.0,120.0
0.05,19.63,21.0,121.0
0.0,4.7,21.0,122.0
0.09,13.55,21.0,123.0
0.42,18.07,21.0,124.0
0.0,12.2,21.0,125.0
0.1,10.99,21.0,126.0
0.16,21.19,21.0,127.0
0.03,10.72,21.0,128.0
0.31,18.65,21.0,129.0
0.11,10.76,21.0,130.0
0.12,18.74,21.0,131.0
0.1,6.74,21.0,132.0
0.07,21.83,21.0,133.0
0.08,6.24,21.0,134.0
0.4,19.82,21.0,135.0
0.0,10.38,21.0,136.0
0.06,10.6,21.0,137.0
0.0,4.74,21.0,138.0
0.1,24.15,21.0,139.0
0.1,10.13,21.0,140.0
0.18,23.96,21.0,141.0
0.09,11.18,21.0,142.0
0.1,4.5,21.0,143.0
0.05,13.38,21.0,144.0
0.24,19.91,21.0,145.0
0.0,20.53,21.0,146.0
0.2,21.65,21.0,147.0
0.1,10.99,21.0,148.0
0.71,15.5,21.0,149.0
0.07,19.64,21.0,150.0
0.05,14.55,21.0,151.0
0.04,11.82,21.0,152.0
0.1,15.49,21.0,153.0
0.17,13.93,21.0,154.0
0.1,25.93,21.0,155.0
0.8,16.44,21.0,156.0
0.09,24.95,21.0,157.0
0.04,17.04,21.0,158.0
0.05,20.32,21.0,159.0
0.01,24.43,21.0,160.0
0.5,15.18,21.0,161.0
0.0,11.96,21.0,162.0
0.1,11.12,21.0,163.0
0.1,13.04,21.0,164.0
0.04,19.88,21.0,165.0
0.05,19.95,21.0,166.0
0.0,10.04,21.0,167.0
0.04,20.7,21.0,168.0
0.2,19.08,21.0,169.0
0.1,9.44,21.0,170.0
0.05,15.97,21.0,171.0
0.09,8.88,21.0,172.0
0.0,8.92,21.0,173.0
0.04,10.61,21.0,174.0
0.09,9.13,21.0,175.0
0.08,21.71,21.0,176.0
0.37,14.84,21.0,177.0
0.1,15.09,21.0,178.0
0.11,9.38,21.0,179.0
0.1,5.97,21.0,180.0
0.0,8.89,21.0,181.0
0.07,15.73,21.0,182.0
0.09,12.97,21.0,183.0
0.09,13.82,21.0,184.0
0.05,20.0,21.0,185.0
0.1,9.38,21.0,186.0
0.07,14.93,21.0,187.0
0.1,11.66,21.0,188.0
0.05,15.13,21.0,189.0
0.12,19.22,21.0,190.0
0.09,25.75,21.0,191.0
0.02,15.55,21.0,192.0
0.12,17.49,21.0,193.0
0.0,19.26,21.0,194.0
0.9,15.74,21.0,195.0
0.11,21.1,21.0,196.0
0.1,15.28,21.0,197.0
0.03,26.1,21.0,198.0
0.07,8.54,21.0,199.0
0.0,8.55,21.0,200.0
0.07,21.83,21.0,201.0
0.08,10.68,21.0,202.0
0.11,15.83,21.0,203.0
0.05,10.07,21.0,204.0
0.22,14.28,21.0,205.0
0.18,20.68,21.0,206.0
0.1,9.14,21.0,207.0
0.1,9.31,21.0,208.0
0.41,17.2,21.0,209.0
0.1,12.19,21.0,210.0
0.0,7.12,21.0,211.0
0.1,7.89,21.0,212.0
0.04,17.37,21.0,213.0
0.39,18.01,21.0,214.0
0.0,11.14,21.0,215.0
0.0,13.71,21.0,216.0
0.34,17.2,21.0,217.0
0.0,10.39,22.0,1.0
0.1,14.7,22.0,2.0
0.01,13.87,22.0,3.0
0.1,14.06,22.0,4.0
0.08,13.41,22.0,5.0
0.0,14.82,22.0,6.0
0.03,13.68,22.0,7.0
0.0,12.59,22.0,8.0
0.05,15.81,22.0,9.0
0.01,15.4,22.0,10.0
0.1,13.74,22.0,11.0
0.0,13.13,22.0,12.0
0.1,12.11,22.0,13.0
0.04,14.78,22.0,14.0
0.1,15.21,22.0,15.0
0.0,12.05,22.0,16.0
0.0,13.77,22.0,17.0
0.1,12.98,22.0,18.0
0.0,24.56,23.0,1.0
0.0,23.85,23.0,2.0
0.02,24.34,23.0,3.0
0.2,25.02,23.0,4.0
0.1,24.16,23.0,5.0
0.0,23.15,23.0,6.0
0.04,23.15,23.0,7.0
0.03,24.11,23.0,8.0
0.0,24.07,23.0,9.0
0.07,23.82,23.0,10.0
0.1,24.16,23.0,11.0
0.0,11.01,24.0,1.0
0.0,15.31,24.0,2.0
0.0,18.09,24.0,3.0
0.0,12.33,24.0,4.0
0.0,15.8,24.0,5.0
0.0,13.22,24.0,6.0
0.0,13.89,24.0,7.0
0.0,15.13,24.0,8.0
0.0,11.52,24.0,9.0
0.0,16.59,24.0,10.0
0.0,15.52,24.0,11.0
0.0,18.82,24.0,12.0
0.0,19.76,24.0,13.0
0.0,18.05,24.0,14.0
0.0,12.12,24.0,15.0
0.0,22.13,24.0,16.0
0.0,15.3,24.0,17.0
0.0,16.67,24.0,18.0
0.0,15.56,24.0,19.0
0.0,14.47,24.0,20.0
0.0,11.16,24.0,21.0
0.0,12.5,24.0,22.0
0.0,16.0,24.0,23.0
0.0,16.29,24.0,24.0
0.0,11.39,24.0,25.0
0.0,20.19,24.0,26.0
0.02,13.22,24.0,27.0
0.02,11.71,24.0,28.0
0.0,20.11,24.0,29.0
0.0,13.27,24.0,30.0
0.0,15.94,24.0,31.0
0.04,12.45,24.0,32.0
0.0,12.32,24.0,33.0
0.0,21.59,24.0,34.0
0.0,11.58,24.0,35.0
0.0,16.79,24.0,36.0
0.0,18.04,24.0,37.0
0.0,19.65,24.0,38.0
0.0,20.3,24.0,39.0
0.0,21.3,24.0,40.0
0.0,20.84,24.0,41.0
0.0,20.88,24.0,42.0
0.0,11.48,24.0,43.0
0.0,13.77,24.0,44.0
0.0,12.9,24.0,45.0
0.08,10.93,24.0,46.0
0.0,14.28,24.0,47.0
0.0,13.45,24.0,48.0
0.0,11.78,24.0,49.0
0.1,12.4,24.0,50.0
0.0,13.43,24.0,51.0
0.0,16.48,24.0,52.0
0.0,17.96,24.0,53.0
0.0,15.97,24.0,54.0
0.02,11.75,24.0,55.0
0.0,13.48,24.0,56.0
0.0,17.96,24.0,57.0
0.0,17.26,24.0,58.0
0.0,17.14,25.0,1.0
0.0,16.45,25.0,2.0
0.0,14.94,25.0,3.0
0.0,15.57,25.0,4.0
0.0,15.18,25.0,5.0
0.0,14.9,25.0,6.0
0.0,19.79,25.0,7.0
0.0,15.03,25.0,8.0
0.0,16.9,25.0,9.0
0.0,18.8,25.0,10.0
0.0,17.05,25.0,11.0
0.0,16.09,25.0,12.0
0.0,15.47,25.0,13.0
0.0,16.52,25.0,14.0
0.0,15.29,25.0,15.0
0.0,14.63,25.0,16.0
0.0,17.73,25.0,17.0
0.0,14.99,25.0,18.0
0.0,16.47,26.0,1.0
0.0,12.8,26.0,2.0
0.0,17.51,26.0,3.0
0.0,16.45,26.0,4.0
0.0,11.18,26.0,5.0
0.0,14.81,26.0,6.0
0.0,16.82,26.0,7.0
0.0,13.53,26.0,8.0
0.0,13.49,26.0,9.0
0.0,11.54,26.0,10.0
0.0,14.62,26.0,11.0
0.0,17.28,26.0,12.0
0.0,15.68,26.0,13.0
0.0,16.6,26.0,14.0
0.0,13.5,26.0,15.0
0.0,17.33,26.0,16.0
0.0,16.37,26.0,17.0
0.0,15.8,26.0,18.0
0.0,12.95,26.0,19.0
0.0,18.7,26.0,20.0
0.0,16.91,26.0,21.0
0.0,15.62,26.0,22.0
0.0,15.12,26.0,23.0
0.0,15.65,26.0,24.0
0.0,20.07,26.0,25.0
0.0,14.87,26.0,26.0
0.0,13.81,26.0,27.0
0.0,15.25,26.0,28.0
0.0,19.09,26.0,29.0
0.0,18.5,26.0,30.0
0.0,11.27,26.0,31.0
0.0,15.12,26.0,32.0
0.0,16.7,26.0,33.0
0.0,16.04,26.0,34.0
0.0,15.06,26.0,35.0
0.0,16.02,26.0,36.0
0.0,16.01,26.0,37.0
0.0,16.17,26.0,38.0
0.0,12.06,26.0,39.0
0.0,11.57,26.0,40.0
0.0,14.19,26.0,41.0
0.0,15.6,26.0,42.0
0.0,14.4,26.0,43.0
0.0,12.76,26.0,44.0
0.0,17.18,26.0,45.0
0.0,16.8,26.0,46.0
0.0,17.12,26.0,47.0
0.0,17.31,26.0,48.0
0.0,13.79,26.0,49.0
0.0,17.59,26.0,50.0
0.0,12.39,26.0,51.0
0.0,11.42,26.0,52.0
0.0,16.45,26.0,53.0
0.0,14.05,26.0,54.0
0.0,18.8,26.0,55.0
0.0,19.08,26.0,56.0
0.0,15.27,26.0,57.0
0.0,16.66,26.0,58.0
0.0,13.07,26.0,59.0
0.0,16.02,26.0,60.0
0.0,13.83,26.0,61.0
0.0,15.53,26.0,62.0
0.0,15.7,26.0,63.0
0.0,16.6,26.0,64.0
0.0,16.48,26.0,65.0
0.0,17.46,26.0,66.0
0.0,14.71,26.0,67.0
0.0,15.69,26.0,68.0
0.0,8.59,26.0,69.0
0.0,16.06,26.0,70.0
0.0,15.3,26.0,71.0
0.0,20.01,26.0,72.0
2.3,22.69,27.0,1.0
2.2,24.54,27.0,2.0
0.4,23.79,27.0,3.0
0.51,24.32,27.0,4.0
1.1,23.18,27.0,5.0
0.89,24.45,27.0,6.0
0.4,22.19,27.0,7.0
2.2,24.34,27.0,8.0
0.09,23.12,27.0,9.0
0.46,24.65,27.0,10.0
0.31,22.74,27.0,11.0
0.24,23.5,27.0,12.0
0.4,24.47,27.0,13.0
1.05,23.91,27.0,14.0
0.17,20.76,27.0,15.0
0.3,21.88,27.0,16.0
2.3,22.99,27.0,17.0
0.0,20.38,28.0,1.0
0.1,21.84,28.0,2.0
0.09,22.91,28.0,3.0
0.0,19.59,28.0,4.0
0.0,17.27,28.0,5.0
0.0,12.56,28.0,6.0
0.0,16.38,28.0,7.0
0.0,18.61,28.0,8.0
0.09,24.18,28.0,9.0
0.0,18.1,28.0,10.0
0.0,17.02,28.0,11.0
0.0,21.25,28.0,12.0
0.0,18.12,28.0,13.0
0.0,17.73,28.0,14.0
0.0,16.41,28.0,15.0
0.0,16.22,28.0,16.0
0.0,12.67,28.0,17.0
0.0,19.29,28.0,18.0
0.0,17.56,28.0,19.0
0.0,15.15,28.0,20.0
0.0,20.8,28.0,21.0
0.0,19.68,28.0,22.0
0.0,17.43,28.0,23.0
0.0,17.08,28.0,24.0
0.0,16.67,28.0,25.0
0.0,10.41,28.0,26.0
0.0,18.12,28.0,27.0
0.0,19.1,28.0,28.0
0.0,17.18,28.0,29.0
0.0,19.42,28.0,30.0
0.0,12.55,28.0,31.0
0.0,16.41,28.0,32.0
0.0,16.63,28.0,33.0
0.0,17.57,28.0,34.0
0.0,20.04,28.0,35.0
0.0,16.18,28.0,36.0
0.1,21.65,28.0,37.0
0.07,23.83,28.0,38.0
0.0,15.57,28.0,39.0
0.0,17.23,28.0,40.0
0.0,16.27,28.0,41.0
0.0,17.11,28.0,42.0
0.0,20.09,28.0,43.0
0.05,9.68,29.0,1.0
0.0,10.01,29.0,2.0
0.03,8.52,29.0,3.0
0.02,8.83,29.0,4.0
0.0,9.12,29.0,5.0
0.03,9.17,29.0,6.0
0.03,10.23,29.0,7.0
0.02,9.77,29.0,8.0
0.0,9.35,29.0,9.0
0.08,10.15,29.0,10.0
0.0,8.9,29.0,11.0
0.05,7.96,29.0,12.0
0.1,9.13,29.0,13.0
0.02,9.19,29.0,14.0
0.05,8.13,29.0,15.0
0.1,10.19,29.0,16.0
0.08,11.25,29.0,17.0
0.05,9.68,29.0,18.0
0.0,7.53,29.0,19.0
0.04,8.14,29.0,20.0
0.05,7.86,29.0,21.0
0.0,11.43,29.0,22.0
0.06,8.6,29.0,23.0
0.03,9.7,29.0,24.0
0.0,11.79,29.0,25.0
0.05,9.68,29.0,26.0
0.08,11.91,29.0,27.0
0.09,10.73,29.0,28.0
0.0,10.5,29.0,29.0
0.03,7.63,29.0,30.0
0.04,8.15,29.0,31.0
0.0,9.88,29.0,32.0
0.03,10.4,29.0,33.0
0.09,8.3,29.0,34.0
0.06,8.37,29.0,35.0
0.02,10.34,29.0,36.0
0.09,10.75,29.0,37.0
0.05,8.98,29.0,38.0
0.06,8.54,29.0,39.0
0.01,9.58,29.0,40.0
0.0,11.43,29.0,41.0
0.0,11.11,29.0,42.0
0.0,9.64,29.0,43.0
0.0,11.11,29.0,44.0
0.03,8.8,29.0,45.0
0.03,7.5,29.0,46.0
0.03,7.48,29.0,47.0
0.0,10.48,29.0,48.0
0.03,9.66,29.0,49.0
0.1,10.14,29.0,50.0
0.0,10.5,29.0,51.0
0.09,9.27,29.0,52.0
0.0,10.5,29.0,53.0
0.0,10.5,29.0,54.0
0.01,9.2,29.0,55.0
0.05,8.59,29.0,56.0
0.0,9.72,29.0,57.0
0.0,11.43,29.0,58.0
0.0,11.43,29.0,59.0
0.0,10.94,29.0,60.0
0.0,12.12,30.0,1.0
0.0,14.85,30.0,2.0
3.3,24.59,30.0,3.0
0.1,21.76,30.0,4.0
1.48,23.89,30.0,5.0
0.64,13.45,30.0,6.0
0.1,23.67,30.0,7.0
0.09,12.46,30.0,8.0
0.1,20.12,30.0,9.0
0.01,11.34,30.0,10.0
2.25,24.53,30.0,11.0
1.68,23.5,30.0,12.0
0.09,20.41,30.0,13.0
0.35,21.57,30.0,14.0
5.94,21.63,30.0,15.0
0.04,24.35,30.0,16.0
0.0,20.74,30.0,17.0
0.28,11.73,30.0,18.0
0.55,15.84,30.0,19.0
0.3,16.09,30.0,20.0
0.35,22.47,30.0,21.0
0.0,15.23,30.0,22.0
0.01,14.09,30.0,23.0
0.1,19.18,30.0,24.0
0.05,11.08,30.0,25.0
0.0,13.75,30.0,26.0
0.1,18.48,30.0,27.0
0.0,24.86,30.0,28.0
0.1,11.22,30.0,29.0
0.23,13.67,30.0,30.0
0.31,24.32,30.0,31.0
8.2,19.04,30.0,32.0
0.13,21.1,30.0,33.0
0.02,20.27,30.0,34.0
0.0,19.7,30.0,35.0
0.0,13.33,30.0,36.0
0.02,17.78,30.0,37.0
0.03,14.84,30.0,38.0
1.01,24.61,30.0,39.0
0.01,19.44,30.0,40.0
0.29,20.98,30.0,41.0
0.03,19.03,30.0,42.0
0.09,22.28,30.0,43.0
0.2,19.32,30.0,44.0
1.42,23.45,30.0,45.0
0.05,15.64,30.0,46.0
0.07,14.39,30.0,47.0
1.71,24.63,30.0,48.0
0.2,24.56,30.0,49.0
0.03,18.79,30.0,50.0
0.01,18.48,30.0,51.0
0.4,23.5,30.0,52.0
0.4,24.09,30.0,53.0
2.26,23.41,30.0,54.0
0.0,20.32,30.0,55.0
0.0,20.45,30.0,56.0
0.05,15.76,30.0,57.0
0.05,19.98,30.0,58.0
1.5,24.24,30.0,59.0
0.09,21.01,30.0,60.0
2.08,23.94,30.0,61.0
0.0,16.41,30.0,62.0
0.02,19.89,30.0,63.0
0.0,17.03,30.0,64.0
0.06,19.59,30.0,65.0
0.07,18.51,30.0,66.0
0.03,16.46,30.0,67.0
0.12,18.04,30.0,68.0
0.09,21.07,30.0,69.0
7.1,24.79,30.0,70.0
0.07,17.04,30.0,71.0
0.4,11.85,30.0,72.0
3.55,22.69,30.0,73.0
0.2,14.91,30.0,74.0
0.79,24.14,30.0,75.0
0.22,15.28,30.0,76.0
2.3,23.44,30.0,77.0
0.0,19.6,30.0,78.0
0.03,13.19,30.0,79.0
0.11,18.77,30.0,80.0
0.0,12.37,30.0,81.0
0.85,24.51,30.0,82.0
0.05,19.15,30.0,83.0
1.3,23.75,30.0,84.0
0.18,17.52,30.0,85.0
0.05,10.01,30.0,86.0
0.02,15.35,30.0,87.0
0.08,19.82,30.0,88.0
3.63,25.08,30.0,89.0
0.1,24.63,30.0,90.0
7.1,23.91,30.0,91.0
0.03,13.15,30.0,92.0
0.0,15.36,30.0,93.0
2.85,23.81,30.0,94.0
0.08,18.91,30.0,95.0
0.0,14.36,30.0,96.0
3.56,23.09,30.0,97.0
0.18,17.15,30.0,98.0
0.28,11.52,30.0,99.0
0.1,24.23,30.0,100.0
0.0,12.86,30.0,101.0
0.05,18.71,30.0,102.0
0.0,16.75,30.0,103.0
6.02,21.07,30.0,104.0
0.1,24.65,30.0,105.0
0.0,14.85,30.0,106.0
0.0,10.41,30.0,107.0
3.5,24.76,30.0,108.0
0.01,17.45,30.0,109.0
0.28,17.84,30.0,110.0
1.04,24.58,30.0,111.0
0.0,15.42,30.0,112.0
0.24,19.75,30.0,113.0
0.0,20.53,30.0,114.0
0.23,13.16,30.0,115.0
2.86,25.37,30.0,116.0
0.4,23.48,30.0,117.0
0.0,15.6,30.0,118.0
1.38,23.2,30.0,119.0
1.03,24.65,30.0,120.0
0.19,22.15,30.0,121.0
1.35,22.13,30.0,122.0
0.05,22.62,30.0,123.0
0.1,19.79,30.0,124.0
0.29,23.52,30.0,125.0
0.05,23.56,30.0,126.0
0.14,10.66,30.0,127.0
0.07,9.55,30.0,128.0
0.0,20.4,30.0,129.0
2.24,23.23,30.0,130.0
0.01,19.82,30.0,131.0
0.0,11.22,30.0,132.0
0.11,23.86,30.0,133.0
0.1,22.53,30.0,134.0
0.13,17.2,30.0,135.0
0.0,12.7,30.0,136.0
0.3,16.71,30.0,137.0
0.0,14.07,30.0,138.0
3.5,22.9,30.0,139.0
0.23,16.23,30.0,140.0
8.09,20.95,30.0,141.0
5.26,24.41,30.0,142.0
6.17,22.4,30.0,143.0
6.0,24.95,30.0,144.0
2.14,24.78,30.0,145.0
0.07,18.12,30.0,146.0
0.55,14.93,30.0,147.0
0.09,23.99,30.0,148.0
4.04,20.13,30.0,149.0
0.13,22.39,30.0,150.0
0.13,22.34,30.0,151.0
0.2,23.97,30.0,152.0
0.05,19.75,30.0,153.0
0.09,20.79,30.0,154.0
0.01,20.21,30.0,155.0
0.0,11.38,30.0,156.0
0.0,20.38,30.0,157.0
0.11,21.37,30.0,158.0
0.44,16.22,30.0,159.0
0.05,20.95,30.0,160.0
0.0,20.72,30.0,161.0
0.09,19.24,30.0,162.0
0.0,14.14,30.0,163.0
0.0,17.01,30.0,164.0
0.1,20.72,30.0,165.0
0.02,16.73,30.0,166.0
0.01,20.26,30.0,167.0
0.2,17.42,30.0,168.0
2.4,23.4,30.0,169.0
0.28,14.63,30.0,170.0
0.37,16.27,30.0,171.0
6.74,25.21,30.0,172.0
0.36,22.56,30.0,173.0
0.96,24.29,30.0,174.0
0.05,20.4,30.0,175.0
1.72,23.31,30.0,176.0
0.0,12.31,30.0,177.0
2.3,23.54,30.0,178.0
0.09,21.27,30.0,179.0
0.09,16.57,30.0,180.0
0.41,24.38,30.0,181.0
0.0,12.87,30.0,182.0
0.03,16.34,30.0,183.0
0.46,15.94,30.0,184.0
0.16,16.06,30.0,185.0
0.03,17.16,30.0,186.0
0.0,13.74,30.0,187.0
0.09,18.78,30.0,188.0
0.12,21.81,30.0,189.0
1.72,23.38,30.0,190.0
0.04,23.61,30.0,191.0
0.08,21.39,30.0,192.0
0.06,24.6,30.0,193.0
0.0,9.74,30.0,194.0
0.46,15.57,30.0,195.0
0.36,23.17,30.0,196.0
0.02,16.75,30.0,197.0
0.3,13.24,30.0,198.0
1.37,24.83,30.0,199.0
0.12,22.18,30.0,200.0
0.31,19.65,30.0,201.0
0.14,16.53,30.0,202.0
0.0,15.93,30.0,203.0
1.66,24.63,30.0,204.0
0.0,21.36,30.0,205.0
0.41,24.43,30.0,206.0
1.05,23.74,30.0,207.0
1.64,23.62,30.0,208.0
4.4,19.62,30.0,209.0
5.33,23.51,30.0,210.0
0.01,20.51,30.0,211.0
2.1,22.86,30.0,212.0
0.0,22.67,31.0,1.0
0.0,22.85,31.0,2.0
0.0,22.38,31.0,3.0
0.0,22.63,31.0,4.0
0.0,22.66,31.0,5.0
0.0,22.32,31.0,6.0
0.0,22.71,31.0,7.0
0.0,22.23,31.0,8.0
0.0,22.26,31.0,9.0
0.0,22.04,31.0,10.0
0.0,24.62,31.0,11.0
0.0,22.42,31.0,12.0
0.0,22.91,31.0,13.0
0.0,22.99,31.0,14.0
0.0,22.78,31.0,15.0
0.0,21.48,31.0,16.0
0.0,22.68,31.0,17.0
0.0,22.27,31.0,18.0
0.0,22.83,31.0,19.0
0.0,22.98,31.0,20.0
0.08,23.03,31.0,21.0
0.0,22.54,31.0,22.0
0.0,23.2,31.0,23.0
0.0,22.04,31.0,24.0
0.0,22.48,31.0,25.0
0.0,22.5,31.0,26.0
0.0,22.54,31.0,27.0
0.0,22.94,31.0,28.0
0.0,22.55,31.0,29.0
0.0,22.65,31.0,30.0
0.0,22.25,31.0,31.0
0.0,22.38,31.0,32.0
0.0,24.62,31.0,33.0
0.0,22.84,31.0,34.0
0.0,22.67,31.0,35.0
0.0,22.63,31.0,36.0
0.0,22.53,31.0,37.0
0.0,23.91,31.0,38.0
0.0,23.13,31.0,39.0
0.0,22.55,31.0,40.0
0.0,22.85,31.0,41.0
0.0,22.56,31.0,42.0
0.0,22.87,31.0,43.0
0.0,23.94,31.0,44.0
0.0,23.39,31.0,45.0
0.0,22.16,31.0,46.0
0.0,22.32,31.0,47.0
0.0,23.99,31.0,48.0
0.0,22.12,31.0,49.0
0.0,23.0,31.0,50.0
0.0,22.75,31.0,51.0
0.0,22.43,31.0,52.0
0.0,22.65,31.0,53.0
0.0,22.63,31.0,54.0
0.0,22.96,31.0,55.0
0.0,22.55,31.0,56.0
0.0,22.71,31.0,57.0
0.0,21.97,31.0,58.0
0.06,24.89,31.0,59.0
0.0,22.62,31.0,60.0
0.01,23.86,31.0,61.0
0.0,22.5,31.0,62.0
0.0,23.32,31.0,63.0
0.0,22.84,31.0,64.0
0.0,23.33,31.0,65.0
0.0,22.94,31.0,66.0
0.0,22.88,31.0,67.0
0.0,22.6,31.0,68.0
0.0,22.4,31.0,69.0
0.0,22.45,31.0,70.0
0.0,22.64,31.0,71.0
0.0,22.4,31.0,72.0
0.0,21.88,31.0,73.0
0.0,22.77,31.0,74.0
0.0,22.06,31.0,75.0
0.0,22.61,31.0,76.0
0.0,22.36,31.0,77.0
0.0,22.6,31.0,78.0
0.0,21.52,31.0,79.0
0.0,22.25,31.0,80.0
0.0,22.91,31.0,81.0
0.0,22.17,31.0,82.0
0.0,22.67,31.0,83.0
0.0,22.18,31.0,84.0
0.0,22.56,31.0,85.0
0.0,22.38,31.0,86.0
0.0,23.7,31.0,87.0
0.0,22.57,31.0,88.0
0.0,22.95,31.0,89.0
0.0,22.73,31.0,90.0
0.0,22.74,31.0,91.0
0.04,22.89,31.0,92.0
0.0,22.8,31.0,93.0
0.0,21.65,31.0,94.0
0.0,22.84,31.0,95.0
0.03,22.79,31.0,96.0
0.0,22.56,31.0,97.0
0.0,21.42,31.0,98.0
0.0,22.71,31.0,99.0
0.0,23.0,31.0,100.0
0.0,22.9,31.0,101.0
0.06,22.86,31.0,102.0
0.0,22.63,31.0,103.0
0.0,22.39,31.0,104.0
0.0,22.75,31.0,105.0
0.0,22.67,31.0,106.0
0.0,16.01,32.0,1.0
0.0,15.56,32.0,2.0
0.0,13.75,32.0,3.0
0.0,14.4,32.0,4.0
0.0,11.08,32.0,5.0
0.0,12.66,32.0,6.0
0.08,12.68,32.0,7.0
0.0,12.38,32.0,8.0
0.0,11.28,32.0,9.0
0.0,12.44,32.0,10.0
0.0,17.73,32.0,11.0
0.0,10.29,32.0,12.0
0.0,10.91,32.0,13.0
0.0,14.38,32.0,14.0
0.0,13.87,32.0,15.0
0.0,12.13,32.0,16.0
0.0,11.41,32.0,17.0
0.0,15.03,32.0,18.0
0.0,15.66,32.0,19.0
0.0,12.38,32.0,20.0
0.0,9.86,32.0,21.0
0.0,13.76,32.0,22.0
0.0,16.08,32.0,23.0
0.0,12.04,32.0,24.0
0.0,13.09,32.0,25.0
0.2,13.9,32.0,26.0
0.2,13.85,32.0,27.0
0.0,17.67,32.0,28.0
0.0,13.7,32.0,29.0
0.0,14.06,32.0,30.0
0.0,14.26,32.0,31.0
0.0,10.86,32.0,32.0
0.0,16.98,32.0,33.0
0.0,15.48,32.0,34.0
0.0,11.59,32.0,35.0
0.0,12.49,32.0,36.0
0.0,11.45,32.0,37.0
0.02,10.84,32.0,38.0
0.0,13.54,32.0,39.0
0.0,13.37,32.0,40.0
0.0,12.44,32.0,41.0
0.0,13.65,32.0,42.0
0.0,12.72,32.0,43.0
0.0,13.86,32.0,44.0
0.0,13.82,32.0,45.0
0.0,13.29,32.0,46.0
0.0,16.02,32.0,47.0
0.0,13.89,32.0,48.0
0.0,13.22,32.0,49.0
0.0,11.01,32.0,50.0
0.0,13.39,32.0,51.0
0.0,11.99,32.0,52.0
0.0,11.66,32.0,53.0
0.0,10.7,32.0,54.0
0.0,11.69,32.0,55.0
0.0,10.72,32.0,56.0
0.0,12.02,32.0,57.0
0.0,14.44,32.0,58.0
