Cve_Ent,Cve_Mun,Value,ides,idmun,prec,temp
1,1,25,1.0,1.0,0.0,14.37
1,2,202,1.0,2.0,0.0,12.97
1,3,54,1.0,3.0,0.0,12.96
1,4,906,1.0,4.0,0.0,13.39
1,5,620,1.0,5.0,0.0,13.44
1,6,608,1.0,6.0,0.0,13.85
1,7,239,1.0,7.0,0.0,13.15
1,8,980,1.0,8.0,0.0,11.35
1,9,978,1.0,9.0,0.0,13.63
1,10,251,1.0,10.0,0.0,13.4
1,11,83,1.0,11.0,0.0,13.91
2,1,466,2.0,1.0,0.0,13.04
2,2,604,2.0,2.0,0.0,19.37
2,3,772,2.0,3.0,0.0,10.95
2,4,688,2.0,4.0,0.0,12.94
2,5,14,2.0,5.0,0.0,14.27
2,6,552,,,,
2,7,23,,,,
3,1,330,3.0,1.0,0.0,15.83
3,2,486,3.0,2.0,0.0,14.04
3,3,14,3.0,3.0,0.0,17.24
3,8,523,3.0,8.0,0.0,18.54
3,9,495,3.0,9.0,0.0,16.67
4,1,283,4.0,1.0,0.0,24.33
4,2,975,4.0,2.0,0.0,24.41
4,3,277,4.0,3.0,0.15,24.55
4,4,940,4.0,4.0,0.04,24.87
4,5,40,4.0,5.0,0.0,23.98
4,6,757,4.0,6.0,0.0,22.29
4,7,76,4.0,7.0,0.2,22.51
4,8,870,4.0,8.0,0.0,24.48
4,9,903,4.0,9.0,0.03,24.54
4,10,365,4.0,10.0,0.23,23.54
4,11,685,4.0,11.0,0.27,24.51
4,12,363,,,,
4,13,70,,,,
5,1,834,5.0,1.0,0.0,18.46
5,2,16,5.0,2.0,0.0,16.21
5,3,322,5.0,3.0,0.0,16.54
5,4,228,5.0,4.0,0.0,9.66
5,5,221,5.0,5.0,0.0,16.82
5,6,460,5.0,6.0,0.0,15.29
5,7,965,5.0,7.0,0.0,14.37
5,8,922,5.0,8.0,0.0,17.84
5,9,249,5.0,9.0,0.0,16.1
5,10,511,5.0,10.0,0.0,18.18
5,11,167,5.0,11.0,0.03,12.39
5,12,222,5.0,12.0,0.0,17.7
5,13,807,5.0,13.0,0.0,17.78
5,14,733,5.0,14.0,0.0,17.33
5,15,725,5.0,15.0,0.0,17.76
5,16,145,5.0,16.0,0.0,14.95
5,17,299,5.0,17.0,0.05,16.44
5,18,965,5.0,18.0,0.0,17.85
5,19,210,5.0,19.0,0.0,16.51
5,20,370,5.0,20.0,0.0,12.24
5,21,369,5.0,21.0,0.0,15.91
5,22,595,5.0,22.0,0.0,17.73
5,23,409,5.0,23.0,0.0,14.44
5,24,253,5.0,24.0,0.12,13.97
5,25,800,5.0,25.0,0.0,17.37
5,26,460,5.0,26.0,0.0,17.99
5,27,914,5.0,27.0,0.0,13.4
5,28,438,5.0,28.0,0.0,17.41
5,29,224,5.0,29.0,0.0,16.88
5,30,834,5.0,30.0,0.1,10.95
5,31,11,5.0,31.0,0.0,12.33
5,32,401,5.0,32.0,0.0,16.58
5,33,604,5.0,33.0,0.0,15.66
5,34,105,5.0,34.0,0.0,14.89
5,35,762,5.0,35.0,0.36,16.2
5,36,697,5.0,36.0,0.4,16.25
5,37,924,5.0,37.0,0.0,16.45
5,38,525,5.0,38.0,0.0,15.14
6,1,636,6.0,1.0,0.0,19.96
6,2,302,6.0,2.0,0.0,18.2
6,3,249,6.0,3.0,0.0,17.01
6,4,363,6.0,4.0,0.0,18.39
6,5,541,6.0,5.0,0.0,16.64
6,6,209,6.0,6.0,0.0,18.5
6,7,323,6.0,7.0,0.0,20.77
6,8,62,6.0,8.0,0.0,17.21
6,9,747,6.0,9.0,0.0,22.0
6,10,957,6.0,10.0,0.0,17.81
7,1,144,7.0,1.0,0.1,19.04
7,2,785,7.0,2.0,0.0,21.74
7,3,834,7.0,3.0,0.08,24.1
7,4,87,7.0,4.0,0.11,16.03
7,5,461,7.0,5.0,0.31,19.42
7,6,381,7.0,6.0,0.01,14.01
7,7,118,7.0,7.0,0.04,13.46
7,8,917,7.0,8.0,0.06,17.41
7,9,91,7.0,9.0,0.0,26.87
7,10,394,7.0,10.0,0.0,13.13
7,11,115,7.0,11.0,0.0,14.82
7,12,257,7.0,12.0,0.23,20.07
7,13,492,7.0,13.0,0.24,16.67
7,14,497,7.0,14.0,0.1,14.88
7,15,846,7.0,15.0,0.02,17.9
7,16,105,7.0,16.0,0.37,22.67
7,17,984,7.0,17.0,0.45,23.0
7,18,788,7.0,18.0,0.32,18.99
7,19,30,7.0,19.0,0.1,15.09
7,20,345,7.0,20.0,0.05,17.7
7,21,174,7.0,21.0,0.28,19.13
7,22,114,7.0,22.0,0.1,12.98
7,23,728,7.0,23.0,0.04,13.45
7,24,90,7.0,24.0,0.16,13.4
7,25,251,7.0,25.0,0.52,18.96
7,26,598,7.0,26.0,0.06,12.53
7,27,184,7.0,27.0,0.06,21.48
7,28,571,7.0,28.0,0.0,21.96
7,29,708,7.0,29.0,0.15,18.55
7,30,258,7.0,30.0,0.0,17.27
7,31,365,7.0,31.0,0.13,18.13
7,32,365,7.0,32.0,0.1,18.95
7,33,610,7.0,33.0,0.55,20.91
7,34,775,7.0,34.0,0.0,18.14
7,35,263,7.0,35.0,0.0,25.88
7,36,383,7.0,36.0,0.02,13.25
7,37,896,7.0,37.0,0.1,23.55
7,38,740,7.0,38.0,0.14,11.91
7,39,928,7.0,39.0,0.18,15.7
7,40,372,7.0,40.0,0.1,23.67
7,41,999,7.0,41.0,0.1,15.75
7,42,255,7.0,42.0,0.5,16.76
7,43,653,7.0,43.0,0.48,20.35
7,44,757,7.0,44.0,0.06,17.0
7,45,426,7.0,45.0,0.33,20.59
7,46,845,7.0,46.0,0.19,23.47
7,47,269,7.0,47.0,0.25,13.75
7,48,372,7.0,48.0,1.21,23.6
7,49,183,7.0,49.0,0.1,12.82
7,50,906,7.0,50.0,0.4,23.23
7,51,693,7.0,51.0,0.1,19.73
7,52,278,7.0,52.0,0.1,16.18
7,53,663,7.0,53.0,0.08,13.04
7,54,248,7.0,54.0,0.1,26.28
7,55,306,7.0,55.0,0.0,24.88
7,56,876,7.0,56.0,0.04,11.26
7,57,497,7.0,57.0,0.1,15.61
7,58,689,7.0,58.0,0.0,19.71
7,59,724,7.0,59.0,0.61,19.98
7,60,170,7.0,60.0,0.43,19.42
7,61,309,7.0,61.0,0.54,20.55
7,62,209,7.0,62.0,2.2,22.93
7,63,911,7.0,63.0,0.08,19.67
7,64,643,7.0,64.0,0.2,13.19
7,65,167,7.0,65.0,0.61,22.81
7,66,536,7.0,66.0,0.1,14.58
7,67,411,7.0,67.0,0.5,17.64
7,68,738,7.0,68.0,1.57,22.57
7,69,204,7.0,69.0,0.04,22.11
7,70,129,7.0,70.0,0.06,13.38
7,71,331,7.0,71.0,0.1,24.26
7,72,841,7.0,72.0,0.5,14.64
7,73,308,7.0,73.0,0.5,15.85
7,74,296,7.0,74.0,0.9,24.53
7,75,235,7.0,75.0,0.0,16.57
7,76,174,7.0,76.0,0.2,17.36
7,77,383,7.0,77.0,0.07,21.41
7,78,90,7.0,78.0,0.04,14.83
7,79,240,7.0,79.0,0.2,19.58
7,80,287,7.0,80.0,0.06,13.53
7,81,789,7.0,81.0,0.13,14.44
7,82,138,7.0,82.0,0.11,15.05
7,83,565,7.0,83.0,0.01,19.28
7,84,200,7.0,84.0,0.45,18.36
7,85,987,7.0,85.0,0.1,17.91
7,86,378,7.0,86.0,0.0,21.78
7,87,903,7.0,87.0,0.01,27.02
7,88,763,7.0,88.0,0.98,22.96
7,89,437,7.0,89.0,0.08,22.99
7,90,589,7.0,90.0,0.46,18.27
7,91,280,7.0,91.0,0.5,16.4
7,92,170,7.0,92.0,1.38,22.7
7,93,445,7.0,93.0,0.16,11.59
7,94,166,7.0,94.0,0.05,15.07
7,96,678,7.0,96.0,0.2,18.86
7,97,994,7.0,97.0,0.0,25.83
7,98,662,7.0,98.0,0.0,20.56
7,99,137,7.0,99.0,0.1,17.43
7,100,171,7.0,100.0,0.13,18.45
7,101,262,7.0,101.0,0.04,20.78
7,102,552,7.0,102.0,0.0,23.2
7,103,103,7.0,103.0,0.09,20.63
7,104,376,7.0,104.0,0.04,18.3
7,105,378,7.0,105.0,0.0,17.02
7,106,45,7.0,106.0,0.0,20.97
7,107,247,7.0,107.0,0.0,21.24
7,108,608,7.0,108.0,0.0,23.12
7,109,25,7.0,109.0,0.11,16.63
7,110,694,7.0,110.0,0.0,19.68
7,111,124,7.0,111.0,0.0,17.95
7,112,615,7.0,112.0,0.13,13.63
7,113,730,7.0,113.0,0.0,12.39
7,114,15,7.0,114.0,0.1,22.05
7,115,400,7.0,115.0,0.1,19.46
7,116,385,7.0,116.0,0.1,21.87
7,117,366,7.0,117.0,0.02,17.2
7,118,255,7.0,118.0,0.15,14.01
7,119,159,7.0,119.0,0.1,12.48
7,120,668,7.0,120.0,0.06,13.53
7,121,903,7.0,121.0,0.5,14.9
7,122,908,7.0,122.0,0.0,24.8
7,123,970,7.0,123.0,0.0,24.93
7,124,436,7.0,124.0,0.63,23.35
7,125,627,,,,
8,1,855,8.0,1.0,0.0,13.69
8,2,497,8.0,2.0,0.0,15.11
8,3,171,8.0,3.0,0.0,15.69
8,4,926,8.0,4.0,0.0,16.11
8,5,221,8.0,5.0,0.0,15.97
8,6,992,8.0,6.0,0.0,10.09
8,7,608,8.0,7.0,0.0,7.4
8,8,644,8.0,8.0,0.0,17.34
8,9,428,8.0,9.0,0.0,9.0
8,10,988,8.0,10.0,0.0,13.33
8,11,454,8.0,11.0,0.0,13.13
8,12,288,8.0,12.0,0.0,12.1
8,13,35,8.0,13.0,0.0,9.99
8,14,575,8.0,14.0,0.0,14.5
8,15,320,8.0,15.0,0.0,15.17
8,16,435,8.0,16.0,0.0,14.62
8,17,720,8.0,17.0,0.0,10.38
8,18,945,8.0,18.0,0.0,12.31
8,19,870,8.0,19.0,0.0,11.87
8,20,30,8.0,20.0,0.0,16.76
8,21,698,8.0,21.0,0.0,16.31
8,22,536,8.0,22.0,0.0,15.05
8,23,522,8.0,23.0,0.0,13.48
8,24,442,8.0,24.0,0.0,13.37
8,25,377,8.0,25.0,0.0,8.85
8,26,123,8.0,26.0,0.0,13.4
8,27,844,8.0,27.0,0.0,9.72
8,28,594,8.0,28.0,0.0,14.52
8,29,251,8.0,29.0,0.0,9.47
8,30,551,8.0,30.0,0.0,18.7
8,31,558,8.0,31.0,0.0,10.72
8,32,264,8.0,32.0,0.0,14.92
8,33,302,8.0,33.0,0.0,14.62
8,34,227,8.0,34.0,0.0,9.25
8,35,576,8.0,35.0,0.0,13.8
8,36,502,8.0,36.0,0.0,15.52
8,37,967,8.0,37.0,0.0,16.27
8,38,459,8.0,38.0,0.0,15.78
8,39,267,8.0,39.0,0.0,15.73
8,40,364,8.0,40.0,0.0,7.63
8,41,558,8.0,41.0,0.0,15.81
8,42,883,8.0,42.0,0.0,16.06
8,43,79,8.0,43.0,0.0,7.81
8,44,526,8.0,44.0,0.0,13.41
8,45,880,8.0,45.0,0.0,15.14
8,46,355,8.0,46.0,0.0,15.67
8,47,855,8.0,47.0,0.0,9.4
8,48,968,8.0,48.0,0.0,8.57
8,49,968,8.0,49.0,0.0,11.79
8,50,721,8.0,50.0,0.0,12.63
8,51,413,8.0,51.0,0.0,12.0
8,52,374,8.0,52.0,0.0,16.43
8,53,976,8.0,53.0,0.0,16.05
8,54,971,8.0,54.0,0.0,9.75
8,55,26,8.0,55.0,0.0,15.51
8,56,738,8.0,56.0,0.0,12.69
8,57,889,8.0,57.0,0.0,13.7
8,58,876,8.0,58.0,0.0,16.81
8,59,665,8.0,59.0,0.0,13.15
8,60,100,8.0,60.0,0.0,12.9
8,61,823,8.0,61.0,0.0,15.96
8,62,979,8.0,62.0,0.0,16.34
8,63,748,8.0,63.0,0.0,7.67
8,64,203,8.0,64.0,0.0,13.95
8,65,741,8.0,65.0,0.0,19.61
8,66,176,8.0,66.0,0.0,13.85
8,67,975,8.0,67.0,0.0,16.57
9,2,298,9.0,2.0,0.1,11.97
9,3,40,9.0,3.0,0.0,12.5
9,4,770,9.0,4.0,0.15,7.87
9,5,557,9.0,5.0,0.08,13.41
9,6,995,9.0,6.0,0.0,13.83
9,7,590,9.0,7.0,0.09,13.5
9,8,37,9.0,8.0,0.12,8.02
9,9,378,9.0,9.0,0.1,13.97
9,10,143,9.0,10.0,0.13,10.78
9,11,432,9.0,11.0,0.1,13.35
9,12,870,9.0,12.0,0.1,10.7
9,13,592,9.0,13.0,0.1,13.11
9,14,698,9.0,14.0,0.0,13.28
9,15,353,9.0,15.0,0.0,13.17
9,16,715,9.0,16.0,0.11,11.57
9,17,564,9.0,17.0,0.0,13.96
10,1,19,10.0,1.0,0.0,11.06
10,2,959,10.0,2.0,0.0,12.5
10,3,705,10.0,3.0,0.0,13.54
10,4,627,10.0,4.0,0.3,14.59
10,5,674,10.0,5.0,0.0,10.31
10,6,854,10.0,6.0,0.3,16.03
10,7,976,10.0,7.0,0.0,16.28
10,8,683,10.0,8.0,0.0,15.04
10,9,238,10.0,9.0,0.0,8.54
10,10,689,10.0,10.0,0.0,14.47
10,11,566,10.0,11.0,0.0,15.26
10,12,831,10.0,12.0,0.03,15.09
10,13,154,10.0,13.0,0.0,16.27
10,14,342,10.0,14.0,0.0,10.99
10,15,719,10.0,15.0,0.0,16.17
10,16,56,10.0,16.0,0.0,14.23
10,17,462,10.0,17.0,0.0,12.32
10,18,328,10.0,18.0,0.0,14.63
10,19,577,10.0,19.0,0.0,8.33
10,20,295,10.0,20.0,0.0,14.87
10,21,500,10.0,21.0,0.1,14.95
10,22,463,10.0,22.0,0.0,15.42
10,23,249,10.0,23.0,0.0,10.7
10,24,413,10.0,24.0,0.0,15.54
10,25,62,10.0,25.0,0.0,12.71
10,26,16,10.0,26.0,0.0,8.4
10,27,604,10.0,27.0,0.14,15.76
10,28,330,10.0,28.0,0.0,14.5
10,29,201,10.0,29.0,0.0,15.49
10,30,373,10.0,30.0,0.0,14.79
10,31,625,10.0,31.0,0.01,14.73
10,32,84,10.0,32.0,0.0,9.87
10,33,296,10.0,33.0,0.0,9.83
10,34,342,10.0,34.0,0.0,15.11
10,35,445,10.0,35.0,0.0,8.51
10,36,948,10.0,36.0,0.0,17.83
10,37,889,10.0,37.0,0.0,11.28
10,38,992,10.0,38.0,0.0,14.03
10,39,801,10.0,39.0,0.0,10.91
11,1,581,11.0,1.0,0.0,17.14
11,2,918,11.0,2.0,0.0,12.29
11,3,393,11.0,3.0,0.02,13.68
11,4,556,11.0,4.0,0.0,14.74
11,5,769,11.0,5.0,0.0,15.76
11,6,59,11.0,6.0,0.07,10.51
11,7,762,11.0,7.0,0.0,16.14
11,8,119,11.0,8.0,0.0,15.83
11,9,155,11.0,9.0,0.0,15.28
11,10,348,11.0,10.0,0.0,10.94
11,11,463,11.0,11.0,0.0,16.36
11,12,470,11.0,12.0,0.0,16.47
11,13,365,11.0,13.0,0.1,9.82
11,14,575,11.0,14.0,0.04,13.01
11,15,596,11.0,15.0,0.0,14.06
11,16,351,11.0,16.0,0.0,17.17
11,17,508,11.0,17.0,0.0,16.62
11,18,860,11.0,18.0,0.0,16.08
11,19,633,11.0,19.0,0.0,12.07
11,20,843,11.0,20.0,0.0,14.77
11,21,873,11.0,21.0,0.0,14.01
11,22,130,11.0,22.0,0.08,12.56
11,23,341,11.0,23.0,0.0,17.24
11,24,997,11.0,24.0,0.0,17.59
11,25,23,11.0,25.0,0.0,15.16
11,26,188,11.0,26.0,0.0,16.02
11,27,609,11.0,27.0,0.0,16.64
11,28,703,11.0,28.0,0.0,14.37
11,29,717,11.0,29.0,0.1,11.89
11,30,252,11.0,30.0,0.1,12.81
11,31,219,11.0,31.0,0.0,15.22
11,32,873,11.0,32.0,0.1,11.63
11,33,489,11.0,33.0,0.06,10.07
11,34,586,11.0,34.0,0.0,10.25
11,35,23,11.0,35.0,0.0,15.55
11,36,76,11.0,36.0,0.0,14.23
11,37,326,11.0,37.0,0.0,15.43
11,38,191,11.0,38.0,0.0,11.0
11,39,11,11.0,39.0,0.0,14.61
11,40,353,11.0,40.0,0.1,11.34
11,41,816,11.0,41.0,0.0,14.06
11,42,476,11.0,42.0,0.0,16.57
11,43,934,11.0,43.0,0.1,9.91
11,44,99,11.0,44.0,0.0,16.91
11,45,577,11.0,45.0,0.1,10.22
11,46,429,11.0,46.0,0.0,14.8
12,1,348,12.0,1.0,0.0,22.38
12,2,936,12.0,2.0,0.0,22.17
12,3,485,12.0,3.0,0.0,23.67
12,4,721,12.0,4.0,0.0,20.96
12,5,622,12.0,5.0,0.01,24.36
12,6,211,12.0,6.0,0.0,25.25
12,7,169,12.0,7.0,0.0,26.41
12,8,41,12.0,8.0,0.05,25.01
12,9,600,12.0,9.0,0.0,20.24
12,10,301,12.0,10.0,0.0,20.64
12,11,539,12.0,11.0,0.0,20.96
12,12,604,12.0,12.0,0.0,22.3
12,13,113,12.0,13.0,0.0,23.99
12,14,237,12.0,14.0,0.0,26.38
12,15,80,12.0,15.0,0.09,23.78
12,16,458,12.0,16.0,0.0,23.71
12,17,429,12.0,17.0,0.0,24.86
12,18,989,12.0,18.0,0.0,25.03
12,19,584,12.0,19.0,0.01,24.24
12,20,929,12.0,20.0,0.0,21.16
12,21,472,12.0,21.0,0.0,21.28
12,22,572,12.0,22.0,0.0,25.11
12,23,662,12.0,23.0,0.0,24.51
12,24,416,12.0,24.0,0.0,23.62
12,25,628,12.0,25.0,0.0,24.05
12,26,119,12.0,26.0,0.0,24.3
12,27,980,12.0,27.0,0.0,26.67
12,28,399,12.0,28.0,0.0,19.41
12,29,582,12.0,29.0,0.0,17.36
12,30,994,12.0,30.0,0.0,24.31
12,31,106,12.0,31.0,0.0,24.2
12,32,113,12.0,32.0,0.0,19.7
12,33,991,12.0,33.0,0.03,24.74
12,34,143,12.0,34.0,0.1,24.54
12,35,75,12.0,35.0,0.05,24.93
12,36,943,12.0,36.0,0.0,23.77
12,37,718,12.0,37.0,0.0,21.14
12,38,620,12.0,38.0,0.0,25.27
12,39,639,12.0,39.0,0.0,19.96
12,40,865,12.0,40.0,0.0,17.73
12,41,608,12.0,41.0,0.0,21.37
12,42,347,12.0,42.0,0.0,21.82
12,43,599,12.0,43.0,0.0,21.54
12,44,315,12.0,44.0,0.0,20.02
12,45,680,12.0,45.0,0.0,24.34
12,46,858,12.0,46.0,0.0,23.93
12,47,719,12.0,47.0,0.0,20.32
12,48,48,12.0,48.0,0.0,24.65
12,49,524,12.0,49.0,0.1,19.68
12,50,642,12.0,50.0,0.0,29.73
12,51,120,12.0,51.0,0.0,20.34
12,52,724,12.0,52.0,0.0,23.29
12,53,580,12.0,53.0,0.0,23.27
12,54,192,12.0,54.0,0.0,21.76
12,55,980,12.0,55.0,0.05,21.4
12,56,133,12.0,56.0,0.0,22.3
12,57,561,12.0,57.0,0.0,23.61
12,58,228,12.0,58.0,0.0,23.12
12,59,391,12.0,59.0,0.06,25.26
12,60,603,12.0,60.0,0.06,19.29
12,61,189,12.0,61.0,0.0,18.73
12,62,106,12.0,62.0,0.0,22.99
12,63,583,12.0,63.0,0.0,20.63
12,64,960,12.0,64.0,0.0,28.06
12,65,118,12.0,65.0,0.02,23.41
12,66,649,12.0,66.0,0.01,23.26
12,67,149,12.0,67.0,0.0,28.91
12,68,648,12.0,68.0,0.0,25.06
12,69,295,12.0,69.0,0.0,22.04
12,70,389,12.0,70.0,0.05,25.28
12,71,393,12.0,71.0,0.0,22.92
12,72,233,12.0,72.0,0.0,16.18
12,73,381,12.0,73.0,0.0,25.33
12,74,192,12.0,74.0,0.0,20.6
12,75,566,12.0,75.0,0.0,21.02
12,76,744,12.0,76.0,0.0,21.17
12,77,318,12.0,77.0,0.0,24.36
12,78,332,12.0,78.0,0.0,22.03
12,79,253,12.0,79.0,0.0,20.05
12,80,693,12.0,80.0,0.0,24.29
12,81,38,12.0,81.0,0.0,22.38
13,1,225,13.0,1.0,0.17,8.77
13,2,81,13.0,2.0,0.1,9.67
13,3,582,13.0,3.0,0.16,9.91
13,4,741,13.0,4.0,0.18,11.09
13,5,732,13.0,5.0,0.0,10.48
13,6,217,13.0,6.0,0.18,12.25
13,7,902,13.0,7.0,0.1,8.5
13,8,902,13.0,8.0,0.06,9.25
13,9,541,13.0,9.0,0.07,9.5
13,10,914,13.0,10.0,0.0,10.63
13,11,876,13.0,11.0,0.02,19.14
13,12,382,13.0,12.0,0.31,9.12
13,13,703,13.0,13.0,0.01,10.6
13,14,509,13.0,14.0,0.17,16.15
13,15,509,13.0,15.0,0.2,12.86
13,16,415,13.0,16.0,0.06,8.02
13,17,233,13.0,17.0,0.05,10.24
13,18,76,13.0,18.0,0.01,15.55
13,19,384,13.0,19.0,0.14,11.35
13,20,658,13.0,20.0,0.3,13.09
13,21,187,13.0,21.0,0.0,10.5
13,22,957,13.0,22.0,0.05,8.23
13,23,935,13.0,23.0,0.02,10.36
13,24,498,13.0,24.0,0.2,8.32
13,25,536,13.0,25.0,0.04,19.74
13,26,855,13.0,26.0,0.04,17.98
13,27,711,13.0,27.0,0.08,16.03
13,28,49,13.0,28.0,0.0,19.58
13,29,537,13.0,29.0,0.1,11.68
13,30,183,13.0,30.0,0.2,13.15
13,31,156,13.0,31.0,0.16,14.39
13,32,388,13.0,32.0,0.0,19.39
13,33,283,13.0,33.0,0.29,13.64
13,34,373,13.0,34.0,0.21,15.13
13,35,992,13.0,35.0,0.13,9.56
13,36,833,13.0,36.0,0.37,11.14
13,37,630,13.0,37.0,0.33,11.83
13,38,12,13.0,38.0,0.13,8.33
13,39,958,13.0,39.0,0.05,7.68
13,40,490,13.0,40.0,0.05,14.73
13,41,395,13.0,41.0,0.05,10.68
13,42,746,13.0,42.0,0.3,13.99
13,43,589,13.0,43.0,0.17,13.89
13,44,783,13.0,44.0,0.02,10.19
13,45,98,13.0,45.0,0.13,7.64
13,46,186,13.0,46.0,0.0,19.69
13,47,986,13.0,47.0,0.08,15.24
13,48,765,13.0,48.0,0.07,9.69
13,49,268,13.0,49.0,0.0,16.2
13,50,57,13.0,50.0,0.09,11.16
13,51,654,13.0,51.0,0.05,9.55
13,52,28,13.0,52.0,0.06,10.06
13,53,893,13.0,53.0,0.17,14.29
13,54,348,13.0,54.0,0.11,10.71
13,55,215,13.0,55.0,0.19,11.25
13,56,664,13.0,56.0,0.03,7.82
13,57,474,13.0,57.0,0.05,7.79
13,58,953,13.0,58.0,0.2,13.93
13,59,237,13.0,59.0,0.12,13.77
13,60,515,13.0,60.0,0.11,11.67
13,61,956,13.0,61.0,0.05,9.32
13,62,198,13.0,62.0,0.07,15.53
13,63,108,13.0,63.0,0.05,9.62
13,64,958,13.0,64.0,0.02,10.27
13,65,711,13.0,65.0,0.0,10.57
13,66,908,13.0,66.0,0.0,11.15
13,67,586,13.0,67.0,0.0,10.65
13,68,849,13.0,68.0,0.27,14.12
13,69,256,13.0,69.0,0.0,11.72
13,70,156,13.0,70.0,0.0,10.58
13,71,759,13.0,71.0,0.22,13.71
13,72,132,13.0,72.0,0.0,10.47
13,73,132,13.0,73.0,0.11,16.79
13,74,799,13.0,74.0,0.0,10.64
13,75,639,13.0,75.0,0.0,10.94
13,76,286,13.0,76.0,0.01,10.06
13,77,163,13.0,77.0,0.09,8.79
13,78,191,13.0,78.0,0.1,18.04
13,79,931,13.0,79.0,0.3,13.97
13,80,558,13.0,80.0,0.06,17.96
13,81,958,13.0,81.0,0.34,12.47
13,82,177,13.0,82.0,0.01,10.64
13,83,334,13.0,83.0,0.0,9.91
13,84,426,13.0,84.0,0.17,14.64
14,1,886,14.0,1.0,0.0,17.06
14,2,571,14.0,2.0,0.0,15.24
14,3,863,14.0,3.0,0.0,14.51
14,4,948,14.0,4.0,0.0,12.89
14,5,655,14.0,5.0,0.0,16.88
14,6,26,14.0,6.0,0.0,14.35
14,7,54,14.0,7.0,0.0,14.78
14,8,148,14.0,8.0,0.0,15.72
14,9,172,14.0,9.0,0.0,15.91
14,10,16,14.0,10.0,0.0,13.08
14,11,879,14.0,11.0,0.0,13.96
14,12,730,14.0,12.0,0.0,15.17
14,13,467,14.0,13.0,0.0,17.71
14,14,660,14.0,14.0,0.0,14.87
14,15,600,14.0,15.0,0.0,12.92
14,16,219,14.0,16.0,0.0,17.93
14,17,675,14.0,17.0,0.0,14.38
14,18,956,14.0,18.0,0.0,18.63
14,19,850,14.0,19.0,0.0,15.73
14,20,292,14.0,20.0,0.0,23.25
14,21,437,14.0,21.0,0.0,16.23
14,22,886,14.0,22.0,0.0,21.52
14,23,99,14.0,23.0,0.0,12.28
14,24,434,14.0,24.0,0.0,13.94
14,25,453,14.0,25.0,0.0,14.61
14,26,837,14.0,26.0,0.0,16.41
14,27,56,14.0,27.0,0.0,15.02
14,28,340,14.0,28.0,0.0,14.8
14,29,556,14.0,29.0,0.0,17.15
14,30,195,14.0,30.0,0.0,20.69
14,31,307,14.0,31.0,0.0,15.65
14,32,670,14.0,32.0,0.0,12.92
14,33,14,14.0,33.0,0.0,17.6
14,34,68,14.0,34.0,0.0,13.15
14,35,764,14.0,35.0,0.0,15.53
14,36,58,14.0,36.0,0.0,14.57
14,37,130,14.0,37.0,0.0,12.21
14,38,767,14.0,38.0,0.0,15.83
14,39,577,14.0,39.0,0.0,17.38
14,40,925,14.0,40.0,0.0,16.34
14,41,212,14.0,41.0,0.0,14.26
14,42,442,14.0,42.0,0.0,14.39
14,43,690,14.0,43.0,0.0,21.68
14,44,843,14.0,44.0,0.0,20.07
14,45,604,14.0,45.0,0.0,17.91
14,46,216,14.0,46.0,0.0,16.57
14,47,227,14.0,47.0,0.0,20.03
14,48,720,14.0,48.0,0.0,16.24
14,49,754,14.0,49.0,0.0,23.83
14,50,166,14.0,50.0,0.0,18.01
14,51,66,14.0,51.0,0.0,18.54
14,52,618,14.0,52.0,0.0,13.57
14,53,117,14.0,53.0,0.0,14.61
14,54,924,14.0,54.0,0.0,12.85
14,55,378,14.0,55.0,0.0,15.57
14,56,301,14.0,56.0,0.0,22.22
14,57,650,14.0,57.0,0.0,17.05
14,58,489,14.0,58.0,0.0,17.47
14,59,593,14.0,59.0,0.0,17.38
14,60,318,14.0,60.0,0.0,16.23
14,61,208,14.0,61.0,0.0,15.0
14,62,20,14.0,62.0,0.0,15.19
14,63,683,14.0,63.0,0.0,19.32
14,64,218,14.0,64.0,0.0,12.2
14,65,720,14.0,65.0,0.0,19.37
14,66,136,14.0,66.0,0.0,20.46
14,67,687,14.0,67.0,0.0,20.63
14,68,863,14.0,68.0,0.0,18.97
14,69,688,14.0,69.0,0.0,19.07
14,70,992,14.0,70.0,0.0,18.04
14,71,685,14.0,71.0,0.0,18.64
14,72,361,14.0,72.0,0.0,15.6
14,73,38,14.0,73.0,0.0,16.46
14,74,658,14.0,74.0,0.0,15.74
14,75,124,14.0,75.0,0.0,15.24
14,76,462,14.0,76.0,0.0,15.88
14,77,507,14.0,77.0,0.0,14.18
14,78,18,14.0,78.0,0.0,15.78
14,79,306,14.0,79.0,0.0,14.94
14,80,273,14.0,80.0,0.0,18.74
14,81,53,14.0,81.0,0.0,14.49
14,82,308,14.0,82.0,0.0,12.58
14,83,382,14.0,83.0,0.0,15.26
14,84,858,14.0,84.0,0.0,19.77
14,85,595,14.0,85.0,0.0,16.32
14,86,43,14.0,86.0,0.0,11.91
14,87,829,14.0,87.0,0.0,19.12
14,88,684,14.0,88.0,0.0,13.76
14,89,529,14.0,89.0,0.0,14.15
14,90,373,14.0,90.0,0.0,13.62
14,91,261,14.0,91.0,0.0,16.11
14,92,313,14.0,92.0,0.0,17.45
14,93,358,14.0,93.0,0.0,16.47
14,94,312,14.0,94.0,0.0,17.28
14,95,47,14.0,95.0,0.0,14.73
14,96,537,14.0,96.0,0.0,19.05
14,97,942,14.0,97.0,0.0,17.52
14,98,239,14.0,98.0,0.0,17.34
14,99,276,14.0,99.0,0.0,9.84
14,100,530,14.0,100.0,0.0,22.57
14,101,35,14.0,101.0,0.0,18.07
14,102,886,14.0,102.0,0.0,12.92
14,103,134,14.0,103.0,0.0,14.86
14,104,823,14.0,104.0,0.0,14.88
14,105,582,14.0,105.0,0.0,17.88
14,106,331,14.0,106.0,0.0,11.3
14,107,716,14.0,107.0,0.0,18.83
14,108,911,14.0,108.0,0.0,14.71
14,109,570,14.0,109.0,0.0,15.62
14,110,913,14.0,110.0,0.0,13.31
14,111,670,14.0,111.0,0.0,16.18
14,112,491,14.0,112.0,0.0,18.27
14,113,94,14.0,113.0,0.0,10.67
14,114,75,14.0,114.0,0.0,14.3
14,115,151,14.0,115.0,0.0,15.95
14,116,796,14.0,116.0,0.0,14.9
14,117,402,14.0,117.0,0.0,16.41
14,118,158,14.0,118.0,0.0,16.11
14,119,591,14.0,119.0,0.0,14.97
14,120,880,14.0,120.0,0.0,17.22
14,121,199,14.0,121.0,0.0,13.93
14,122,273,14.0,122.0,0.0,15.89
14,123,537,14.0,123.0,0.0,18.68
14,124,449,14.0,124.0,0.0,17.8
14,125,127,14.0,125.0,0.0,15.72
15,1,408,15.0,1.0,0.01,9.97
15,2,365,15.0,2.0,0.0,13.66
15,3,982,15.0,3.0,0.0,10.25
15,4,14,15.0,4.0,0.04,14.25
15,5,400,15.0,5.0,0.1,9.42
15,6,240,15.0,6.0,0.16,12.38
15,7,708,15.0,7.0,0.01,6.68
15,8,202,15.0,8.0,0.0,22.63
15,9,853,15.0,9.0,0.0,11.33
15,10,917,15.0,10.0,0.0,10.69
15,11,383,15.0,11.0,0.03,14.51
15,12,532,15.0,12.0,0.2,11.95
15,13,915,15.0,13.0,0.1,10.19
15,14,739,15.0,14.0,0.02,10.01
15,15,664,15.0,15.0,0.09,12.77
15,16,781,15.0,16.0,0.0,11.98
15,17,773,15.0,17.0,0.0,11.79
15,18,475,15.0,18.0,0.12,10.66
15,19,392,15.0,19.0,0.2,11.59
15,20,646,15.0,20.0,0.04,12.71
15,21,974,15.0,21.0,0.1,13.55
15,22,300,15.0,22.0,0.0,8.37
15,23,345,15.0,23.0,0.01,10.89
15,24,702,15.0,24.0,0.05,11.45
15,25,394,15.0,25.0,0.1,7.69
15,26,548,15.0,26.0,0.1,7.64
15,27,95,15.0,27.0,0.17,5.97
15,28,825,15.0,28.0,0.01,14.4
15,29,671,15.0,29.0,0.07,10.88
15,30,314,15.0,30.0,0.01,14.57
15,31,545,15.0,31.0,0.07,13.46
15,32,618,15.0,32.0,0.0,9.59
15,33,813,15.0,33.0,0.03,14.23
15,34,921,15.0,34.0,0.1,9.59
15,35,50,15.0,35.0,0.03,10.63
15,36,823,15.0,36.0,0.0,10.95
15,37,68,15.0,37.0,0.14,8.12
15,38,529,15.0,38.0,0.11,10.16
15,39,171,15.0,39.0,0.1,7.98
15,40,470,15.0,40.0,0.08,13.32
15,41,586,15.0,41.0,0.0,12.88
15,42,283,15.0,42.0,0.1,10.21
15,43,716,15.0,43.0,0.0,6.61
15,44,521,15.0,44.0,0.01,11.78
15,45,262,15.0,45.0,0.06,9.08
15,46,38,15.0,46.0,0.13,7.14
15,47,69,15.0,47.0,0.09,6.06
15,48,102,15.0,48.0,0.07,9.82
15,49,60,15.0,49.0,0.14,13.45
15,50,788,15.0,50.0,0.0,10.97
15,51,755,15.0,51.0,0.2,10.39
15,52,538,15.0,52.0,0.09,14.96
15,53,289,15.0,53.0,0.03,11.63
15,54,642,15.0,54.0,0.17,5.87
15,55,389,15.0,55.0,0.15,5.73
15,56,293,15.0,56.0,0.1,7.07
15,57,807,15.0,57.0,0.0,10.0
15,58,196,15.0,58.0,0.07,14.44
15,59,287,15.0,59.0,0.0,12.44
15,60,16,15.0,60.0,0.1,7.36
15,61,481,15.0,61.0,0.0,11.83
15,62,717,15.0,62.0,0.2,6.41
15,63,543,15.0,63.0,0.1,9.88
15,64,926,15.0,64.0,0.0,9.5
15,65,537,15.0,65.0,0.0,12.62
15,66,134,15.0,66.0,0.0,17.73
15,67,284,15.0,67.0,0.15,9.62
15,68,141,15.0,68.0,0.0,12.96
15,69,320,15.0,69.0,0.01,14.41
15,70,546,15.0,70.0,0.09,12.27
15,71,117,15.0,71.0,0.0,10.49
15,72,668,15.0,72.0,0.15,11.73
15,73,838,15.0,73.0,0.2,11.95
15,74,282,15.0,74.0,0.03,13.11
15,75,906,15.0,75.0,0.0,12.84
15,76,581,15.0,76.0,0.2,6.07
15,77,420,15.0,77.0,0.02,13.23
15,78,785,15.0,78.0,0.0,15.22
15,79,275,15.0,79.0,0.02,9.42
15,80,494,15.0,80.0,0.01,18.41
15,81,600,15.0,81.0,0.02,12.95
15,82,670,15.0,82.0,0.0,19.0
15,83,143,15.0,83.0,0.0,8.45
15,84,64,15.0,84.0,0.0,12.14
15,85,127,15.0,85.0,0.0,9.87
15,86,996,15.0,86.0,0.08,9.55
15,87,648,15.0,87.0,0.12,9.58
15,88,143,15.0,88.0,0.11,15.68
15,89,839,15.0,89.0,0.0,9.64
15,90,711,15.0,90.0,0.14,12.3
15,91,419,15.0,91.0,0.02,11.21
15,92,479,15.0,92.0,0.0,13.31
15,93,980,15.0,93.0,0.03,11.95
15,94,693,15.0,94.0,0.1,10.35
15,95,610,15.0,95.0,0.08,9.53
15,96,600,15.0,96.0,0.0,10.88
15,97,304,15.0,97.0,0.05,12.6
15,98,834,15.0,98.0,0.16,6.02
15,99,872,15.0,99.0,0.07,11.72
15,100,205,15.0,100.0,0.0,14.22
15,101,660,15.0,101.0,0.2,11.6
15,102,907,15.0,102.0,0.03,8.81
15,103,358,15.0,103.0,0.0,4.15
15,104,88,15.0,104.0,0.05,12.59
15,105,235,15.0,105.0,0.0,25.19
15,106,970,15.0,106.0,0.17,9.71
15,107,138,15.0,107.0,0.08,18.34
15,108,773,15.0,108.0,0.04,11.97
15,109,212,15.0,109.0,0.0,12.1
15,110,971,15.0,110.0,0.01,11.08
15,111,637,15.0,111.0,0.0,9.66
15,112,416,15.0,112.0,0.1,7.36
15,113,306,15.0,113.0,0.1,12.97
15,114,410,15.0,114.0,0.05,13.4
15,115,518,15.0,115.0,0.14,10.16
15,116,639,15.0,116.0,0.0,16.26
15,117,975,15.0,117.0,0.04,16.73
15,118,36,15.0,118.0,0.08,9.63
15,119,17,15.0,119.0,0.1,17.86
15,120,757,15.0,120.0,0.0,11.66
15,121,924,15.0,121.0,0.06,11.1
15,122,111,15.0,122.0,0.1,11.77
15,123,613,15.0,123.0,0.0,21.28
15,124,867,15.0,124.0,0.0,11.03
15,125,574,15.0,125.0,0.02,12.94
16,1,960,16.0,1.0,0.0,14.86
16,2,442,16.0,2.0,0.0,21.84
16,3,367,16.0,3.0,0.0,12.66
16,4,610,16.0,4.0,0.0,17.29
16,5,827,16.0,5.0,0.0,5.98
16,6,365,16.0,6.0,0.0,25.92
16,7,124,16.0,7.0,0.0,6.84
16,8,123,16.0,8.0,0.0,22.24
16,9,161,16.0,9.0,0.0,20.21
16,10,502,16.0,10.0,0.0,22.35
16,11,280,16.0,11.0,0.0,19.12
16,12,443,16.0,12.0,0.0,26.02
16,13,750,16.0,13.0,0.0,23.94
16,14,532,16.0,14.0,0.0,21.24
16,15,534,16.0,15.0,0.0,19.3
16,16,686,16.0,16.0,0.0,12.08
16,17,851,16.0,17.0,0.0,8.92
16,18,212,16.0,18.0,0.0,13.12
16,19,211,16.0,19.0,0.0,19.8
16,20,457,16.0,20.0,0.0,13.23
16,21,833,16.0,21.0,0.0,14.1
16,22,759,16.0,22.0,0.0,13.29
16,23,393,16.0,23.0,0.0,18.22
16,24,511,16.0,24.0,0.0,11.52
16,25,904,16.0,25.0,0.0,13.09
16,26,638,16.0,26.0,0.0,19.75
16,27,830,16.0,27.0,0.0,13.06
16,28,483,16.0,28.0,0.0,17.33
16,29,569,16.0,29.0,0.0,23.81
16,30,985,16.0,30.0,0.0,17.99
16,31,964,16.0,31.0,0.0,9.94
16,32,208,16.0,32.0,0.0,11.86
16,33,858,16.0,33.0,0.0,21.42
16,34,847,16.0,34.0,0.0,11.74
16,35,919,16.0,35.0,0.0,25.46
16,36,689,16.0,36.0,0.0,13.33
16,37,970,16.0,37.0,0.0,12.85
16,38,878,16.0,38.0,0.0,25.71
16,39,407,16.0,39.0,0.0,13.39
16,40,699,16.0,40.0,0.0,11.83
16,41,267,16.0,41.0,0.0,7.06
16,42,415,16.0,42.0,0.0,18.28
16,43,215,16.0,43.0,0.0,17.2
16,44,434,16.0,44.0,0.0,13.52
16,45,555,16.0,45.0,0.0,18.54
16,46,534,16.0,46.0,0.0,17.31
16,47,216,16.0,47.0,0.0,13.3
16,48,77,16.0,48.0,0.0,13.25
16,49,645,16.0,49.0,0.0,18.67
16,50,416,16.0,50.0,0.0,8.57
16,51,155,16.0,51.0,0.0,17.94
16,52,299,16.0,52.0,0.0,24.59
16,53,463,16.0,53.0,0.0,13.2
16,54,222,16.0,54.0,0.0,13.38
16,55,714,16.0,55.0,0.0,26.55
16,56,490,16.0,56.0,0.0,11.29
16,57,357,16.0,57.0,0.0,22.51
16,58,892,16.0,58.0,0.0,16.05
16,59,975,16.0,59.0,0.0,20.6
16,60,124,16.0,60.0,0.0,17.77
16,61,299,16.0,61.0,0.0,6.55
16,62,634,16.0,62.0,0.0,18.6
16,63,394,16.0,63.0,0.0,15.24
16,64,362,16.0,64.0,0.0,25.45
16,65,800,16.0,65.0,0.0,11.81
16,66,157,16.0,66.0,0.0,13.37
16,67,506,16.0,67.0,0.0,16.91
16,68,876,16.0,68.0,0.0,20.71
16,69,810,16.0,69.0,0.0,17.71
16,70,48,16.0,70.0,0.0,13.95
16,71,590,16.0,71.0,0.0,15.22
16,72,598,16.0,72.0,0.0,11.43
16,73,641,16.0,73.0,0.0,12.22
16,74,249,16.0,74.0,0.0,19.33
16,75,648,16.0,75.0,0.0,17.7
16,76,462,16.0,76.0,0.0,18.67
16,77,403,16.0,77.0,0.0,28.01
16,78,304,16.0,78.0,0.0,13.44
16,79,661,16.0,79.0,0.0,15.56
16,80,449,16.0,80.0,0.0,6.39
16,81,467,16.0,81.0,0.0,17.57
16,82,742,16.0,82.0,0.0,18.54
16,83,808,16.0,83.0,0.0,21.35
16,84,581,16.0,84.0,0.0,18.12
16,85,665,16.0,85.0,0.0,15.78
16,86,19,16.0,86.0,0.0,18.29
16,87,111,16.0,87.0,0.0,16.68
16,88,288,16.0,88.0,0.0,12.82
16,89,651,16.0,89.0,0.0,24.37
16,90,858,16.0,90.0,0.0,12.28
16,91,316,16.0,91.0,0.0,18.42
16,92,169,16.0,92.0,0.0,23.44
16,93,225,16.0,93.0,0.0,7.36
16,94,281,16.0,94.0,0.0,16.08
16,95,742,16.0,95.0,0.0,20.88
16,96,846,16.0,96.0,0.0,20.89
16,97,414,16.0,97.0,0.0,22.81
16,98,897,16.0,98.0,0.0,9.42
16,99,802,16.0,99.0,0.0,20.56
16,100,846,16.0,100.0,0.0,12.5
16,101,234,16.0,101.0,0.0,17.08
16,102,787,16.0,102.0,0.0,14.6
16,103,522,16.0,103.0,0.0,19.41
16,104,717,16.0,104.0,0.0,18.57
16,105,852,16.0,105.0,0.0,18.35
16,106,507,16.0,106.0,0.0,18.12
16,107,560,16.0,107.0,0.0,12.21
16,108,514,16.0,108.0,0.0,17.7
16,109,694,16.0,109.0,0.0,17.48
16,110,627,16.0,110.0,0.0,10.71
16,111,566,16.0,111.0,0.0,13.66
16,112,240,16.0,112.0,0.0,10.0
16,113,31,16.0,113.0,0.0,17.17
17,1,178,17.0,1.0,0.08,23.49
17,2,11,17.0,2.0,0.09,13.79
17,3,518,17.0,3.0,0.03,23.59
17,4,45,17.0,4.0,0.03,22.17
17,5,184,17.0,5.0,0.1,21.58
17,6,909,17.0,6.0,0.05,19.6
17,7,181,17.0,7.0,0.03,16.51
17,8,933,17.0,8.0,0.0,23.27
17,9,997,17.0,9.0,0.07,10.01
17,10,907,17.0,10.0,0.02,21.01
17,11,465,17.0,11.0,0.0,21.7
17,12,601,17.0,12.0,0.1,24.95
17,13,302,17.0,13.0,0.0,20.53
17,14,857,17.0,14.0,0.06,23.0
17,15,108,17.0,15.0,0.07,20.5
17,16,320,17.0,16.0,0.07,13.3
17,17,961,17.0,17.0,0.1,24.49
17,18,360,17.0,18.0,0.03,19.52
17,19,391,17.0,19.0,0.01,23.0
17,20,648,17.0,20.0,0.1,17.96
17,21,408,17.0,21.0,0.06,21.96
17,22,459,17.0,22.0,0.1,10.25
17,23,180,17.0,23.0,0.1,15.02
17,24,570,17.0,24.0,0.03,24.08
17,25,907,17.0,25.0,0.1,24.9
17,26,661,17.0,26.0,0.1,17.0
17,27,16,17.0,27.0,0.1,13.36
17,28,980,17.0,28.0,0.03,23.79
17,29,363,17.0,29.0,0.07,20.85
17,30,807,17.0,30.0,0.07,16.38
17,31,888,17.0,31.0,0.0,24.84
17,32,514,17.0,32.0,0.05,15.72
17,33,197,17.0,33.0,0.01,18.64
17,34,850,,,,
17,35,472,,,,
17,36,51,,,,
18,1,546,18.0,1.0,0.0,16.32
18,2,616,18.0,2.0,0.0,15.64
18,3,511,18.0,3.0,0.0,14.93
18,4,321,18.0,4.0,0.0,19.74
18,5,749,18.0,5.0,0.0,14.57
18,6,712,18.0,6.0,0.0,14.94
18,7,841,18.0,7.0,0.0,14.9
18,8,713,18.0,8.0,0.0,17.72
18,9,174,18.0,9.0,0.0,14.74
18,10,737,18.0,10.0,0.0,17.76
18,11,29,18.0,11.0,0.0,17.36
18,12,206,18.0,12.0,0.0,20.22
18,13,143,18.0,13.0,0.0,16.26
18,14,89,18.0,14.0,0.0,15.29
18,15,571,18.0,15.0,0.0,19.27
18,16,39,18.0,16.0,0.0,18.51
18,17,275,18.0,17.0,0.0,16.67
18,18,81,18.0,18.0,0.0,18.63
18,19,995,18.0,19.0,0.0,14.65
18,20,745,18.0,20.0,0.0,21.57
19,1,328,19.0,1.0,0.0,14.8
19,2,910,19.0,2.0,0.0,16.01
19,3,631,19.0,3.0,0.0,16.61
19,4,82,19.0,4.0,0.0,14.92
19,5,961,19.0,5.0,0.0,18.09
19,6,353,19.0,6.0,0.0,16.08
19,7,182,19.0,7.0,0.0,10.9
19,8,73,19.0,8.0,0.0,15.93
19,9,808,19.0,9.0,0.0,16.36
19,10,350,19.0,10.0,0.0,15.16
19,11,737,19.0,11.0,0.0,15.56
19,12,229,19.0,12.0,0.0,15.32
19,13,472,19.0,13.0,0.0,17.05
19,14,991,19.0,14.0,0.0,13.26
19,15,194,19.0,15.0,0.0,16.46
19,16,878,19.0,16.0,0.0,15.55
19,17,45,19.0,17.0,0.1,9.98
19,18,596,19.0,18.0,0.0,14.03
19,19,165,19.0,19.0,0.0,15.14
19,20,789,19.0,20.0,0.0,16.4
19,21,721,19.0,21.0,0.0,15.36
19,22,479,19.0,22.0,0.0,17.04
19,23,517,19.0,23.0,0.0,16.61
19,24,122,19.0,24.0,0.0,10.23
19,25,754,19.0,25.0,0.0,15.26
19,26,796,19.0,26.0,0.0,15.67
19,27,863,19.0,27.0,0.0,16.83
19,28,509,19.0,28.0,0.0,14.52
19,29,368,19.0,29.0,0.0,15.5
19,30,874,19.0,30.0,0.1,11.28
19,31,19,19.0,31.0,0.0,15.35
19,32,268,19.0,32.0,0.0,17.22
19,33,250,19.0,33.0,0.04,16.01
19,34,773,19.0,34.0,0.0,15.29
19,35,44,19.0,35.0,0.0,16.64
19,36,213,19.0,36.0,0.0,13.55
19,37,749,19.0,37.0,0.0,15.48
19,38,93,19.0,38.0,0.02,15.37
19,39,351,19.0,39.0,0.0,14.35
19,40,37,19.0,40.0,0.0,16.86
19,41,55,19.0,41.0,0.0,16.32
19,42,648,19.0,42.0,0.0,16.86
19,43,594,19.0,43.0,0.05,10.36
19,44,900,19.0,44.0,0.0,15.45
19,45,431,19.0,45.0,0.0,14.64
19,46,993,19.0,46.0,0.0,16.18
19,47,168,19.0,47.0,0.0,14.33
19,48,132,19.0,48.0,0.0,12.69
19,49,881,19.0,49.0,0.0,11.96
19,50,868,19.0,50.0,0.0,16.78
19,51,907,19.0,51.0,0.0,14.98
20,1,197,20.0,1.0,1.55,13.72
20,2,135,20.0,2.0,0.3,23.96
20,3,856,20.0,3.0,0.22,17.4
20,4,226,20.0,4.0,0.34,17.49
20,5,39,20.0,5.0,4.9,25.04
20,6,933,20.0,6.0,1.1,15.8
20,7,57,20.0,7.0,0.14,20.01
20,8,261,20.0,8.0,0.03,23.79
20,9,80,20.0,9.0,0.87,20.61
20,10,721,20.0,10.0,4.9,23.54
20,11,853,20.0,11.0,0.02,21.96
20,12,551,20.0,12.0,0.0,25.0
20,13,822,20.0,13.0,0.18,17.67
20,14,181,20.0,14.0,4.1,25.32
20,15,650,20.0,15.0,0.46,19.47
20,16,935,20.0,16.0,0.0,20.48
20,17,966,20.0,17.0,0.1,18.95
20,18,71,20.0,18.0,0.44,16.4
20,19,706,20.0,19.0,2.32,16.75
20,20,339,20.0,20.0,0.0,21.19
20,21,162,20.0,21.0,0.0,23.71
20,22,862,20.0,22.0,0.34,19.55
20,23,627,20.0,23.0,0.11,16.73
20,24,156,20.0,24.0,1.47,16.98
20,25,928,20.0,25.0,0.0,29.16
20,26,398,20.0,26.0,0.0,18.55
20,27,837,20.0,27.0,1.2,16.2
20,28,836,20.0,28.0,0.56,19.37
20,29,446,20.0,29.0,0.33,17.75
20,30,332,20.0,30.0,0.57,26.75
20,31,711,20.0,31.0,0.18,16.12
20,32,784,20.0,32.0,0.08,24.27
20,33,351,20.0,33.0,0.36,15.05
20,34,950,20.0,34.0,0.1,23.4
20,35,253,20.0,35.0,0.74,12.66
20,36,656,20.0,36.0,2.91,21.7
20,37,815,20.0,37.0,0.0,22.35
20,38,430,20.0,38.0,0.09,15.2
20,39,344,20.0,39.0,0.4,20.35
20,40,471,20.0,40.0,0.82,16.87
20,41,66,20.0,41.0,0.54,17.72
20,42,806,20.0,42.0,1.24,15.91
20,43,89,20.0,43.0,1.57,27.41
20,44,443,20.0,44.0,2.3,23.03
20,45,505,20.0,45.0,0.43,14.32
20,46,559,20.0,46.0,0.69,16.74
20,47,717,20.0,47.0,0.6,15.8
20,48,389,20.0,48.0,0.0,15.97
20,49,327,20.0,49.0,0.35,18.99
20,50,601,20.0,50.0,0.16,16.06
20,51,848,20.0,51.0,0.55,17.45
20,52,306,20.0,52.0,0.03,23.45
20,53,797,20.0,53.0,0.74,26.26
20,54,303,20.0,54.0,0.84,16.23
20,55,291,20.0,55.0,0.08,23.54
20,56,859,20.0,56.0,0.0,24.14
20,57,146,20.0,57.0,6.1,23.22
20,58,662,20.0,58.0,1.04,17.45
20,59,288,20.0,59.0,0.47,18.21
20,60,597,20.0,60.0,0.1,15.57
20,61,718,20.0,61.0,0.14,18.15
20,62,255,20.0,62.0,0.42,12.92
20,63,593,20.0,63.0,0.36,14.81
20,64,431,20.0,64.0,0.58,20.43
20,65,691,20.0,65.0,0.03,20.36
20,66,137,20.0,66.0,0.6,26.62
20,67,258,20.0,67.0,0.22,15.59
20,68,747,20.0,68.0,0.45,18.58
20,69,139,20.0,69.0,0.11,18.87
20,70,878,20.0,70.0,0.0,23.55
20,71,733,20.0,71.0,0.0,24.2
20,72,639,20.0,72.0,0.46,19.1
20,73,131,20.0,73.0,0.0,20.79
20,74,491,20.0,74.0,0.76,15.16
20,75,568,20.0,75.0,0.0,27.67
20,76,744,20.0,76.0,0.0,22.47
20,77,40,20.0,77.0,0.36,14.81
20,78,538,20.0,78.0,0.16,16.3
20,79,400,20.0,79.0,0.01,28.13
20,80,903,20.0,80.0,0.02,19.11
20,81,448,20.0,81.0,0.05,20.3
20,82,469,20.0,82.0,0.0,22.99
20,83,324,20.0,83.0,0.14,16.55
20,84,578,20.0,84.0,0.4,14.41
20,85,577,20.0,85.0,0.0,23.55
20,86,905,20.0,86.0,0.13,16.58
20,87,684,20.0,87.0,0.13,15.14
20,88,806,20.0,88.0,0.0,21.11
20,89,448,20.0,89.0,0.38,18.15
20,90,439,20.0,90.0,0.0,23.64
20,91,46,20.0,91.0,0.13,15.14
20,92,832,20.0,92.0,0.17,15.39
20,93,247,20.0,93.0,0.62,15.96
20,94,286,20.0,94.0,0.43,15.06
20,95,971,20.0,95.0,0.04,17.91
20,96,976,20.0,96.0,1.1,15.82
20,97,431,20.0,97.0,0.3,14.45
20,98,651,20.0,98.0,1.9,19.08
20,99,260,20.0,99.0,0.0,23.85
20,100,887,20.0,100.0,0.29,15.42
20,101,973,20.0,101.0,0.04,18.77
20,102,120,20.0,102.0,0.36,14.79
20,103,949,20.0,103.0,0.35,18.52
20,104,111,20.0,104.0,0.1,15.54
20,105,309,20.0,105.0,0.26,17.32
20,106,330,20.0,106.0,0.62,15.8
20,107,833,20.0,107.0,0.12,15.99
20,108,243,20.0,108.0,0.09,15.81
20,109,357,20.0,109.0,0.3,17.84
20,110,236,20.0,110.0,0.05,17.12
20,111,923,20.0,111.0,0.0,23.54
20,112,592,20.0,112.0,0.7,18.79
20,113,710,20.0,113.0,0.0,23.55
20,114,232,20.0,114.0,0.14,14.73
20,115,98,20.0,115.0,0.18,16.99
20,116,662,20.0,116.0,0.77,18.62
20,117,363,20.0,117.0,0.0,24.75
20,118,197,20.0,118.0,0.45,17.13
20,119,484,20.0,119.0,0.0,16.51
20,120,500,20.0,120.0,0.14,13.8
20,121,951,20.0,121.0,1.06,15.63
20,122,665,20.0,122.0,0.14,20.27
20,123,601,20.0,123.0,0.0,16.71
20,124,158,20.0,124.0,0.34,27.42
20,125,36,20.0,125.0,1.6,20.52
20,126,189,20.0,126.0,0.54,15.84
20,127,918,20.0,127.0,0.16,15.84
20,128,724,20.0,128.0,0.44,15.77
20,129,27,20.0,129.0,0.82,15.57
20,130,788,20.0,130.0,0.13,27.56
20,131,470,20.0,131.0,0.88,19.12
20,132,597,20.0,132.0,0.46,18.75
20,133,1000,20.0,133.0,0.01,18.14
20,134,700,20.0,134.0,0.69,21.54
20,135,758,20.0,135.0,0.29,15.23
20,136,665,20.0,136.0,2.2,18.31
20,137,618,20.0,137.0,0.01,18.3
20,138,896,20.0,138.0,0.1,14.43
20,139,578,20.0,139.0,1.58,16.71
20,140,563,20.0,140.0,0.81,16.31
20,141,67,20.0,141.0,0.04,28.59
20,142,259,20.0,142.0,0.29,17.31
20,143,941,20.0,143.0,0.02,28.25
20,144,910,20.0,144.0,0.71,16.53
20,145,379,20.0,145.0,0.18,16.04
20,146,152,20.0,146.0,0.54,16.3
20,147,576,20.0,147.0,0.58,16.3
20,148,382,20.0,148.0,0.07,20.56
20,149,816,20.0,149.0,0.02,18.95
20,150,913,20.0,150.0,0.83,14.78
20,151,825,20.0,151.0,0.4,16.37
20,152,633,20.0,152.0,0.01,21.55
20,153,215,20.0,153.0,0.0,23.99
20,154,923,20.0,154.0,0.26,16.28
20,155,167,20.0,155.0,0.04,18.16
20,156,254,20.0,156.0,0.74,16.3
20,157,663,20.0,157.0,0.21,15.74
20,158,969,20.0,158.0,0.0,20.92
20,159,357,20.0,159.0,0.0,21.21
20,160,635,20.0,160.0,0.15,21.34
20,161,978,20.0,161.0,0.96,15.35
20,162,553,20.0,162.0,0.64,19.1
20,163,775,20.0,163.0,0.36,17.5
20,164,536,20.0,164.0,0.0,22.61
20,165,820,20.0,165.0,0.2,22.86
20,166,804,20.0,166.0,1.17,22.21
20,167,760,20.0,167.0,0.19,16.37
20,168,397,20.0,168.0,0.0,24.62
20,169,228,20.0,169.0,0.3,21.49
20,170,850,20.0,170.0,1.13,16.84
20,171,515,20.0,171.0,0.47,20.18
20,172,857,20.0,172.0,0.39,15.91
20,173,40,20.0,173.0,1.6,13.55
20,174,482,20.0,174.0,0.14,16.55
20,175,155,20.0,175.0,1.97,14.82
20,176,727,20.0,176.0,1.27,15.68
20,177,858,20.0,177.0,2.09,16.69
20,178,916,20.0,178.0,0.4,13.8
20,179,271,20.0,179.0,0.9,14.31
20,180,816,20.0,180.0,0.0,24.3
20,181,617,20.0,181.0,0.33,17.46
20,182,498,20.0,182.0,2.16,18.09
20,183,828,20.0,183.0,0.04,22.76
20,184,131,20.0,184.0,1.87,22.9
20,185,785,20.0,185.0,0.0,23.6
20,186,897,20.0,186.0,0.09,24.71
20,187,274,20.0,187.0,0.6,17.93
20,188,440,20.0,188.0,0.0,23.16
20,189,956,20.0,189.0,0.64,18.06
20,190,353,20.0,190.0,2.08,21.89
20,191,859,20.0,191.0,0.46,12.54
20,192,463,20.0,192.0,0.36,17.9
20,193,458,20.0,193.0,0.65,13.92
20,194,538,20.0,194.0,0.26,17.64
20,195,595,20.0,195.0,0.38,16.41
20,196,537,20.0,196.0,1.06,12.84
20,197,818,20.0,197.0,0.32,16.51
20,198,364,20.0,198.0,5.43,22.65
20,199,528,20.0,199.0,0.1,24.05
20,200,886,20.0,200.0,0.13,18.99
20,201,71,20.0,201.0,0.48,13.85
20,202,25,20.0,202.0,0.0,21.67
20,203,859,20.0,203.0,0.85,19.71
20,204,586,20.0,204.0,0.2,20.34
20,205,44,20.0,205.0,1.73,21.46
20,206,639,20.0,206.0,0.8,18.18
20,207,776,20.0,207.0,4.19,21.55
20,208,496,20.0,208.0,0.07,17.55
20,209,274,20.0,209.0,0.49,15.59
20,210,853,20.0,210.0,0.14,17.2
20,211,29,20.0,211.0,0.12,20.51
20,212,757,20.0,212.0,0.94,18.03
20,213,629,20.0,213.0,0.0,20.99
20,214,16,20.0,214.0,2.23,15.37
20,215,495,20.0,215.0,0.95,16.01
20,216,295,20.0,216.0,0.29,14.73
20,217,506,20.0,217.0,0.43,16.21
20,218,860,20.0,218.0,0.11,17.61
20,219,988,20.0,219.0,0.36,17.27
20,220,109,20.0,220.0,2.5,15.93
20,221,737,20.0,221.0,0.87,15.72
20,222,576,20.0,222.0,0.9,15.62
20,223,784,20.0,223.0,0.6,15.77
20,224,17,20.0,224.0,1.1,15.64
20,225,467,20.0,225.0,0.0,23.34
20,226,741,20.0,226.0,0.39,17.46
20,227,796,20.0,227.0,0.29,15.29
20,228,384,20.0,228.0,0.31,17.6
20,229,855,20.0,229.0,0.01,19.66
20,230,53,20.0,230.0,0.0,21.84
20,231,203,20.0,231.0,0.74,19.95
20,232,793,20.0,232.0,0.93,22.06
20,233,654,20.0,233.0,0.55,17.56
20,234,488,20.0,234.0,0.48,17.58
20,235,911,20.0,235.0,0.96,18.67
20,236,422,20.0,236.0,0.02,21.48
20,237,45,20.0,237.0,0.15,21.23
20,238,732,20.0,238.0,0.23,19.08
20,239,795,20.0,239.0,0.23,16.33
20,240,164,20.0,240.0,0.0,18.06
20,241,484,20.0,241.0,0.04,18.77
20,242,183,20.0,242.0,0.0,20.08
20,243,647,20.0,243.0,0.29,17.75
20,244,226,20.0,244.0,0.4,17.84
20,245,546,20.0,245.0,0.0,23.15
20,246,828,20.0,246.0,0.08,14.89
20,247,166,20.0,247.0,0.42,12.92
20,248,409,20.0,248.0,0.0,28.27
20,249,162,20.0,249.0,0.42,17.57
20,250,310,20.0,250.0,0.84,16.23
20,251,800,20.0,251.0,0.0,24.01
20,252,851,20.0,252.0,0.13,17.02
20,253,994,20.0,253.0,0.0,23.09
20,254,683,20.0,254.0,0.03,19.52
20,255,409,20.0,255.0,0.08,17.93
20,256,238,20.0,256.0,0.68,15.8
20,257,321,20.0,257.0,0.14,15.08
20,258,426,20.0,258.0,0.3,15.96
20,259,688,20.0,259.0,0.08,23.63
20,260,821,20.0,260.0,1.33,13.74
20,261,698,20.0,261.0,0.14,23.16
20,262,410,20.0,262.0,0.06,14.13
20,263,538,20.0,263.0,0.0,20.07
20,264,377,20.0,264.0,1.14,15.79
20,265,930,20.0,265.0,2.98,23.22
20,266,222,20.0,266.0,0.05,25.02
20,267,900,20.0,267.0,0.48,12.55
20,268,263,20.0,268.0,0.21,19.22
20,269,625,20.0,269.0,0.03,17.81
20,270,460,20.0,270.0,1.41,16.52
20,271,136,20.0,271.0,0.0,16.67
20,272,670,20.0,272.0,0.0,22.39
20,273,873,20.0,273.0,0.1,14.95
20,274,108,20.0,274.0,0.05,16.99
20,275,957,20.0,275.0,0.71,19.28
20,276,458,20.0,276.0,1.95,16.32
20,277,144,20.0,277.0,0.08,18.62
20,278,687,20.0,278.0,0.37,23.64
20,279,759,20.0,279.0,0.03,19.97
20,280,631,20.0,280.0,0.46,14.96
20,281,25,20.0,281.0,0.84,16.23
20,282,33,20.0,282.0,0.01,24.86
20,283,643,20.0,283.0,0.95,15.93
20,284,179,20.0,284.0,0.6,18.68
20,285,192,20.0,285.0,0.0,23.9
20,286,37,20.0,286.0,0.02,19.38
20,287,190,20.0,287.0,0.71,15.67
20,288,159,20.0,288.0,0.55,13.95
20,289,480,20.0,289.0,0.12,18.98
20,290,55,20.0,290.0,0.07,23.72
20,291,283,20.0,291.0,0.0,21.16
20,292,578,20.0,292.0,0.11,15.92
20,293,251,20.0,293.0,0.27,15.2
20,294,688,20.0,294.0,0.63,14.29
20,295,849,20.0,295.0,0.15,17.83
20,296,545,20.0,296.0,1.64,13.94
20,297,925,20.0,297.0,0.03,17.96
20,298,647,20.0,298.0,0.4,16.16
20,299,803,20.0,299.0,0.07,14.6
20,300,816,20.0,300.0,0.0,23.12
20,301,246,20.0,301.0,0.25,18.6
20,302,211,20.0,302.0,0.0,23.24
20,303,685,20.0,303.0,0.07,14.6
20,304,891,20.0,304.0,1.1,15.69
20,305,843,20.0,305.0,0.31,26.8
20,306,712,20.0,306.0,0.01,20.95
20,307,987,20.0,307.0,0.0,27.06
20,308,696,20.0,308.0,0.01,28.06
20,309,930,20.0,309.0,0.38,22.36
20,310,719,20.0,310.0,0.17,16.12
20,311,746,20.0,311.0,1.7,16.75
20,312,971,20.0,312.0,0.0,23.63
20,313,947,20.0,313.0,1.7,16.81
20,314,548,20.0,314.0,0.0,19.96
20,315,674,20.0,315.0,0.36,18.73
20,316,832,20.0,316.0,1.6,17.99
20,317,906,20.0,317.0,0.23,16.52
20,318,22,20.0,318.0,0.0,25.54
20,319,17,20.0,319.0,0.21,16.91
20,320,627,20.0,320.0,0.04,17.41
20,321,472,20.0,321.0,0.52,16.49
20,322,563,20.0,322.0,0.31,17.6
20,323,298,20.0,323.0,0.15,18.75
20,324,434,20.0,324.0,0.0,27.3
20,325,397,20.0,325.0,0.45,19.39
20,326,864,20.0,326.0,2.34,16.96
20,327,664,20.0,327.0,0.0,28.58
20,328,226,20.0,328.0,0.78,19.36
20,329,90,20.0,329.0,0.11,17.45
20,330,590,20.0,330.0,1.53,18.48
20,331,201,20.0,331.0,0.48,16.21
20,332,463,20.0,332.0,0.82,15.95
20,333,829,20.0,333.0,1.3,19.62
20,334,463,20.0,334.0,0.0,24.95
20,335,310,20.0,335.0,1.06,14.13
20,336,562,20.0,336.0,2.0,15.23
20,337,384,20.0,337.0,0.14,15.79
20,338,842,20.0,338.0,0.36,14.81
20,339,790,20.0,339.0,0.82,15.93
20,340,366,20.0,340.0,0.35,18.76
20,341,767,20.0,341.0,0.62,15.83
20,342,309,20.0,342.0,0.14,17.19
20,343,826,20.0,343.0,0.18,16.04
20,344,185,20.0,344.0,0.0,22.8
20,345,47,20.0,345.0,0.0,23.95
20,346,116,20.0,346.0,0.28,16.69
20,347,685,20.0,347.0,0.13,17.17
20,348,607,20.0,348.0,0.01,19.31
20,349,247,20.0,349.0,0.23,16.8
20,350,458,20.0,350.0,0.1,15.79
20,351,205,20.0,351.0,0.2,18.89
20,352,266,20.0,352.0,0.09,22.87
20,353,242,20.0,353.0,0.04,18.4
20,354,944,20.0,354.0,0.31,17.6
20,355,183,20.0,355.0,1.57,16.39
20,356,956,20.0,356.0,0.2,15.66
20,357,748,20.0,357.0,0.13,20.37
20,358,636,20.0,358.0,0.1,17.57
20,359,918,20.0,359.0,0.99,13.21
20,360,676,20.0,360.0,0.22,18.05
20,361,448,20.0,361.0,0.38,15.56
20,362,369,20.0,362.0,0.07,17.69
20,363,557,20.0,363.0,0.48,13.58
20,364,172,20.0,364.0,0.0,22.35
20,365,675,20.0,365.0,0.17,13.27
20,366,500,20.0,366.0,0.0,22.24
20,367,403,20.0,367.0,0.0,23.66
20,368,700,20.0,368.0,0.55,18.5
20,369,242,20.0,369.0,0.18,17.67
20,370,406,20.0,370.0,0.16,15.86
20,371,929,20.0,371.0,0.02,17.78
20,372,304,20.0,372.0,0.0,18.81
20,373,737,20.0,373.0,0.32,16.41
20,374,332,20.0,374.0,0.39,17.59
20,375,856,20.0,375.0,0.12,15.99
20,376,745,20.0,376.0,0.02,21.6
20,377,800,20.0,377.0,0.0,21.46
20,378,908,20.0,378.0,0.0,16.57
20,379,548,20.0,379.0,0.0,17.65
20,380,562,20.0,380.0,0.27,16.61
20,381,145,20.0,381.0,0.07,23.72
20,382,167,20.0,382.0,0.0,18.64
20,383,994,20.0,383.0,0.0,15.87
20,384,270,20.0,384.0,0.14,18.3
20,385,848,20.0,385.0,0.11,16.7
20,386,927,20.0,386.0,0.0,22.13
20,387,377,20.0,387.0,0.16,18.27
20,388,981,20.0,388.0,0.0,16.7
20,389,373,20.0,389.0,0.26,18.53
20,390,130,20.0,390.0,0.12,15.99
20,391,240,20.0,391.0,0.0,19.15
20,392,119,20.0,392.0,0.0,19.55
20,393,534,20.0,393.0,0.36,18.73
20,394,49,20.0,394.0,0.48,18.58
20,395,261,20.0,395.0,1.39,16.21
20,396,536,20.0,396.0,0.55,17.13
20,397,208,20.0,397.0,0.13,16.88
20,398,536,20.0,398.0,0.08,18.08
20,399,171,20.0,399.0,0.23,15.88
20,400,576,20.0,400.0,0.37,17.86
20,401,39,20.0,401.0,0.0,26.57
20,402,528,20.0,402.0,0.0,24.57
20,403,951,20.0,403.0,0.18,16.99
20,404,459,20.0,404.0,1.07,15.67
20,405,962,20.0,405.0,0.4,16.93
20,406,376,20.0,406.0,0.35,20.3
20,407,885,20.0,407.0,6.1,21.74
20,408,622,20.0,408.0,0.18,16.12
20,409,801,20.0,409.0,0.1,15.79
20,410,887,20.0,410.0,0.1,22.29
20,411,809,20.0,411.0,0.18,16.04
20,412,167,20.0,412.0,3.33,22.89
20,413,751,20.0,413.0,0.0,27.44
20,414,130,20.0,414.0,0.0,24.86
20,415,452,20.0,415.0,0.0,23.01
20,416,501,20.0,416.0,1.4,16.82
20,417,629,20.0,417.0,1.57,21.76
20,418,246,20.0,418.0,0.92,24.49
20,419,86,20.0,419.0,1.02,12.84
20,420,865,20.0,420.0,0.1,15.55
20,421,480,20.0,421.0,0.3,26.8
20,422,624,20.0,422.0,1.04,15.59
20,423,342,20.0,423.0,0.47,15.9
20,424,532,20.0,424.0,0.09,19.77
20,425,518,20.0,425.0,2.5,16.2
20,426,846,20.0,426.0,0.23,14.6
20,427,710,20.0,427.0,5.2,23.06
20,428,714,20.0,428.0,0.22,18.44
20,429,917,20.0,429.0,0.02,18.48
20,430,220,20.0,430.0,0.16,17.16
20,431,129,20.0,431.0,1.3,17.7
20,432,14,20.0,432.0,0.59,16.24
20,433,996,20.0,433.0,0.0,22.68
20,434,356,20.0,434.0,0.36,17.5
20,435,261,20.0,435.0,0.12,16.54
20,436,466,20.0,436.0,1.54,16.8
20,437,981,20.0,437.0,0.21,15.77
20,438,433,20.0,438.0,1.96,16.52
20,439,155,20.0,439.0,0.0,27.43
20,440,480,20.0,440.0,0.18,22.42
20,441,238,20.0,441.0,0.31,27.67
20,442,215,20.0,442.0,0.14,13.8
20,443,752,20.0,443.0,0.17,13.7
20,444,544,20.0,444.0,0.0,18.91
20,445,169,20.0,445.0,0.06,17.38
20,446,327,20.0,446.0,0.0,19.35
20,447,93,20.0,447.0,0.0,22.36
20,448,853,20.0,448.0,0.01,19.88
20,449,655,20.0,449.0,1.6,19.43
20,450,410,20.0,450.0,0.0,21.57
20,451,59,20.0,451.0,1.3,16.05
20,452,123,20.0,452.0,0.35,18.52
20,453,348,20.0,453.0,0.0,27.79
20,454,656,20.0,454.0,0.28,17.41
20,455,132,20.0,455.0,0.17,23.13
20,456,925,20.0,456.0,0.28,20.1
20,457,478,20.0,457.0,0.9,17.68
20,458,82,20.0,458.0,1.73,16.68
20,459,920,20.0,459.0,0.28,18.58
20,460,108,20.0,460.0,1.52,19.31
20,461,525,20.0,461.0,0.0,20.05
20,462,889,20.0,462.0,0.4,18.29
20,463,752,20.0,463.0,0.96,15.53
20,464,109,20.0,464.0,0.68,15.95
20,465,519,20.0,465.0,1.31,20.56
20,466,709,20.0,466.0,0.0,22.5
20,467,687,20.0,467.0,0.0,24.87
20,468,39,20.0,468.0,1.73,20.91
20,469,543,20.0,469.0,0.01,19.81
20,470,222,20.0,470.0,2.0,21.52
20,471,376,20.0,471.0,0.62,15.3
20,472,715,20.0,472.0,2.77,25.03
20,473,807,20.0,473.0,0.15,14.05
20,474,534,20.0,474.0,0.0,24.37
20,475,623,20.0,475.0,0.63,17.99
20,476,459,20.0,476.0,0.4,19.04
20,477,121,20.0,477.0,0.0,20.34
20,478,302,20.0,478.0,1.39,15.09
20,479,390,20.0,479.0,0.7,15.9
20,480,657,20.0,480.0,0.14,16.52
20,481,779,20.0,481.0,0.0,18.71
20,482,550,20.0,482.0,0.0,24.6
20,483,841,20.0,483.0,0.43,14.6
20,484,694,20.0,484.0,0.1,23.56
20,485,701,20.0,485.0,0.0,25.32
20,486,978,20.0,486.0,0.73,15.71
20,487,201,20.0,487.0,0.63,14.99
20,488,925,20.0,488.0,0.75,15.7
20,489,298,20.0,489.0,0.0,23.39
20,490,99,20.0,490.0,0.27,17.12
20,491,713,20.0,491.0,0.04,18.22
20,492,882,20.0,492.0,0.46,16.98
20,493,709,20.0,493.0,0.95,16.01
20,494,267,20.0,494.0,0.17,14.74
20,495,82,20.0,495.0,0.0,22.68
20,496,566,20.0,496.0,0.38,13.29
20,497,626,20.0,497.0,0.0,21.83
20,498,744,20.0,498.0,2.27,22.85
20,499,802,20.0,499.0,0.36,16.14
20,500,920,20.0,500.0,0.0,19.58
20,501,33,20.0,501.0,0.04,22.32
20,502,496,20.0,502.0,0.6,18.28
20,503,938,20.0,503.0,0.1,14.43
20,504,178,20.0,504.0,0.5,13.31
20,505,727,20.0,505.0,1.63,25.7
20,506,113,20.0,506.0,0.08,15.11
20,507,34,20.0,507.0,0.0,25.0
20,508,147,20.0,508.0,1.86,25.5
20,509,487,20.0,509.0,0.0,26.8
20,510,873,20.0,510.0,0.0,19.25
20,511,216,20.0,511.0,0.35,14.97
20,512,20,20.0,512.0,0.12,17.73
20,513,767,20.0,513.0,4.31,22.63
20,514,73,20.0,514.0,0.43,16.46
20,515,466,20.0,515.0,1.55,26.9
20,516,524,20.0,516.0,0.0,19.77
20,517,558,20.0,517.0,0.15,17.36
20,518,929,20.0,518.0,0.7,16.18
20,519,302,20.0,519.0,0.1,15.38
20,520,222,20.0,520.0,0.08,21.58
20,521,464,20.0,521.0,1.0,15.61
20,522,317,20.0,522.0,0.07,14.69
20,523,379,20.0,523.0,1.03,15.79
20,524,590,20.0,524.0,0.3,17.86
20,525,645,20.0,525.0,0.1,26.33
20,526,289,20.0,526.0,0.0,23.81
20,527,642,20.0,527.0,2.32,16.67
20,528,182,20.0,528.0,0.0,18.92
20,529,572,20.0,529.0,0.09,22.41
20,530,813,20.0,530.0,0.45,17.71
20,531,882,20.0,531.0,0.29,14.87
20,532,542,20.0,532.0,0.01,18.45
20,533,628,20.0,533.0,0.01,17.98
20,534,498,20.0,534.0,0.03,19.02
20,535,829,20.0,535.0,0.1,17.29
20,536,867,20.0,536.0,0.59,15.97
20,537,275,20.0,537.0,0.05,21.21
20,538,573,20.0,538.0,0.24,17.61
20,539,521,20.0,539.0,0.29,15.29
20,540,73,20.0,540.0,0.52,16.49
20,541,721,20.0,541.0,0.65,14.84
20,542,783,20.0,542.0,0.2,19.46
20,543,312,20.0,543.0,0.0,22.82
20,544,462,20.0,544.0,0.74,13.34
20,545,295,20.0,545.0,0.48,17.7
20,546,66,20.0,546.0,0.21,14.93
20,547,870,20.0,547.0,0.5,16.11
20,548,905,20.0,548.0,0.71,17.03
20,549,400,20.0,549.0,0.24,19.03
20,550,134,20.0,550.0,0.21,15.49
20,551,420,20.0,551.0,0.46,17.96
20,552,209,20.0,552.0,0.6,15.93
20,553,908,20.0,553.0,0.13,15.08
20,554,733,20.0,554.0,0.49,16.55
20,555,778,20.0,555.0,0.18,17.67
20,556,340,20.0,556.0,0.62,15.8
20,557,618,20.0,557.0,0.43,26.58
20,558,340,20.0,558.0,1.95,17.23
20,559,375,20.0,559.0,2.2,19.52
20,560,283,20.0,560.0,0.2,14.95
20,561,989,20.0,561.0,0.78,19.11
20,562,116,20.0,562.0,0.7,16.18
20,563,366,20.0,563.0,0.05,19.09
20,564,799,20.0,564.0,0.17,17.72
20,565,835,20.0,565.0,0.14,17.18
20,566,847,20.0,566.0,0.03,18.96
20,567,103,20.0,567.0,0.09,24.36
20,568,165,20.0,568.0,0.27,20.7
20,569,900,20.0,569.0,0.55,15.76
20,570,70,20.0,570.0,0.15,16.88
21,1,648,21.0,1.0,0.09,11.93
21,2,985,21.0,2.0,0.06,17.18
21,3,527,21.0,3.0,0.16,23.7
21,4,974,21.0,4.0,0.04,12.76
21,5,754,21.0,5.0,0.03,17.73
21,6,314,21.0,6.0,0.1,11.24
21,7,741,21.0,7.0,0.12,23.2
21,8,939,21.0,8.0,0.0,9.36
21,9,432,21.0,9.0,0.06,24.63
21,10,83,21.0,10.0,0.9,16.82
21,11,169,21.0,11.0,0.03,26.06
21,12,171,21.0,12.0,0.09,10.71
21,13,904,21.0,13.0,0.47,18.34
21,14,567,21.0,14.0,0.1,12.55
21,15,674,21.0,15.0,0.0,12.66
21,16,202,21.0,16.0,0.1,8.04
21,17,360,21.0,17.0,0.08,7.96
21,18,279,21.0,18.0,0.28,17.34
21,19,330,21.0,19.0,0.1,13.74
21,20,712,21.0,20.0,0.07,16.59
21,21,146,21.0,21.0,0.09,23.39
21,22,146,21.0,22.0,0.05,16.73
21,23,587,21.0,23.0,0.19,9.68
21,24,566,21.0,24.0,0.04,26.01
21,25,350,21.0,25.0,0.03,14.96
21,26,518,21.0,26.0,0.0,6.0
21,27,810,21.0,27.0,0.25,16.87
21,28,44,21.0,28.0,0.1,13.06
21,29,235,21.0,29.0,0.04,13.55
21,30,683,21.0,30.0,0.1,13.06
21,31,208,21.0,31.0,0.16,21.88
21,32,454,21.0,32.0,0.0,25.69
21,33,185,21.0,33.0,0.03,16.91
21,34,221,21.0,34.0,0.0,10.38
21,35,949,21.0,35.0,0.25,17.45
21,36,992,21.0,36.0,0.23,17.17
21,37,143,21.0,37.0,0.09,17.86
21,38,222,21.0,38.0,0.05,14.55
21,39,307,21.0,39.0,0.0,10.53
21,40,964,21.0,40.0,0.0,13.93
21,41,304,21.0,41.0,0.09,11.65
21,42,588,21.0,42.0,0.18,23.26
21,43,666,21.0,43.0,0.02,13.5
21,44,709,21.0,44.0,0.1,8.32
21,45,215,21.0,45.0,0.23,10.08
21,46,867,21.0,46.0,0.62,14.17
21,47,843,21.0,47.0,0.05,25.86
21,48,400,21.0,48.0,0.0,5.06
21,49,659,21.0,49.0,0.0,10.8
21,50,271,21.0,50.0,0.05,14.58
21,51,711,21.0,51.0,0.1,23.76
21,52,516,21.0,52.0,0.16,19.47
21,53,530,21.0,53.0,0.1,7.99
21,54,730,21.0,54.0,0.1,8.09
21,55,934,21.0,55.0,0.35,21.45
21,56,646,21.0,56.0,0.04,26.2
21,57,204,21.0,57.0,0.0,10.5
21,58,650,21.0,58.0,0.1,10.38
21,59,282,21.0,59.0,0.05,25.58
21,60,458,21.0,60.0,0.1,6.13
21,61,587,21.0,61.0,0.3,18.91
21,62,786,21.0,62.0,0.09,22.18
21,63,18,21.0,63.0,0.22,10.8
21,64,995,21.0,64.0,0.0,20.0
21,65,367,21.0,65.0,0.09,12.11
21,66,971,21.0,66.0,0.1,25.0
21,67,22,21.0,67.0,0.1,9.81
21,68,69,21.0,68.0,0.08,14.64
21,69,221,21.0,69.0,0.05,17.95
21,70,894,21.0,70.0,0.14,19.25
21,71,971,21.0,71.0,0.1,11.35
21,72,260,21.0,72.0,0.05,14.23
21,73,896,21.0,73.0,0.02,25.03
21,74,880,21.0,74.0,0.1,6.14
21,75,461,21.0,75.0,0.0,10.97
21,76,185,21.0,76.0,0.07,15.14
21,77,390,21.0,77.0,0.08,13.16
21,78,64,21.0,78.0,0.09,10.67
21,79,232,21.0,79.0,0.06,16.44
21,80,700,21.0,80.0,0.0,12.3
21,81,849,21.0,81.0,0.0,25.6
21,82,164,21.0,82.0,0.09,17.62
21,83,198,21.0,83.0,0.1,7.7
21,84,336,21.0,84.0,0.06,13.36
21,85,511,21.0,85.0,0.1,23.98
21,86,471,21.0,86.0,0.03,17.71
21,87,10,21.0,87.0,0.03,25.22
21,88,299,21.0,88.0,0.03,13.65
21,89,459,21.0,89.0,0.06,15.92
21,90,855,21.0,90.0,0.0,9.59
21,91,727,21.0,91.0,0.0,12.33
21,92,732,21.0,92.0,0.26,16.49
21,93,511,21.0,93.0,0.1,9.54
21,94,490,21.0,94.0,0.08,8.83
21,95,436,21.0,95.0,0.0,19.19
21,96,722,21.0,96.0,0.03,11.5
21,97,896,21.0,97.0,0.07,14.88
21,98,942,21.0,98.0,0.11,17.02
21,99,621,21.0,99.0,0.46,12.56
21,100,828,21.0,100.0,0.1,12.32
21,101,95,21.0,101.0,0.0,11.11
21,102,752,21.0,102.0,0.0,7.99
21,103,903,21.0,103.0,0.8,14.49
21,104,738,21.0,104.0,0.07,11.05
21,105,26,21.0,105.0,0.06,8.05
21,106,850,21.0,106.0,0.09,15.08
21,107,105,21.0,107.0,0.0,14.89
21,108,431,21.0,108.0,0.05,10.55
21,109,694,21.0,109.0,0.0,11.66
21,110,915,21.0,110.0,0.3,12.06
21,111,231,21.0,111.0,0.01,18.68
21,112,138,21.0,112.0,0.34,21.81
21,113,998,21.0,113.0,0.1,25.74
21,114,87,21.0,114.0,0.1,14.22
21,115,765,21.0,115.0,0.18,12.14
21,116,798,21.0,116.0,0.09,12.86
21,117,659,21.0,117.0,0.03,10.72
21,118,430,21.0,118.0,0.05,13.48
21,119,980,21.0,119.0,0.1,12.68
21,120,808,21.0,120.0,0.9,16.22
21,121,824,21.0,121.0,0.05,19.63
21,122,15,21.0,122.0,0.0,4.7
21,123,421,21.0,123.0,0.09,13.55
21,124,632,21.0,124.0,0.42,18.07
21,125,910,21.0,125.0,0.0,12.2
21,126,444,21.0,126.0,0.1,10.99
21,127,251,21.0,127.0,0.16,21.19
21,128,720,21.0,128.0,0.03,10.72
21,129,542,21.0,129.0,0.31,18.65
21,130,700,21.0,130.0,0.11,10.76
21,131,672,21.0,131.0,0.12,18.74
21,132,739,21.0,132.0,0.1,6.74
21,133,277,21.0,133.0,0.07,21.83
21,134,514,21.0,134.0,0.08,6.24
21,135,359,21.0,135.0,0.4,19.82
21,136,64,21.0,136.0,0.0,10.38
21,137,371,21.0,137.0,0.06,10.6
21,138,374,21.0,138.0,0.0,4.74
21,139,471,21.0,139.0,0.1,24.15
21,140,736,21.0,140.0,0.1,10.13
21,141,51,21.0,141.0,0.18,23.96
21,142,636,21.0,142.0,0.09,11.18
21,143,689,21.0,143.0,0.1,4.5
21,144,597,21.0,144.0,0.05,13.38
21,145,803,21.0,145.0,0.24,19.91
21,146,656,21.0,146.0,0.0,20.53
21,147,111,21.0,147.0,0.2,21.65
21,148,546,21.0,148.0,0.1,10.99
21,149,680,21.0,149.0,0.71,15.5
21,150,594,21.0,150.0,0.07,19.64
21,151,364,21.0,151.0,0.05,14.55
21,152,541,21.0,152.0,0.04,11.82
21,153,467,21.0,153.0,0.1,15.49
21,154,315,21.0,154.0,0.17,13.93
21,155,882,21.0,155.0,0.1,25.93
21,156,628,21.0,156.0,0.8,16.44
21,157,428,21.0,157.0,0.09,24.95
21,158,735,21.0,158.0,0.04,17.04
21,159,995,21.0,159.0,0.05,20.32
21,160,722,21.0,160.0,0.01,24.43
21,161,366,21.0,161.0,0.5,15.18
21,162,471,21.0,162.0,0.0,11.96
21,163,206,21.0,163.0,0.1,11.12
21,164,894,21.0,164.0,0.1,13.04
21,165,645,21.0,165.0,0.04,19.88
21,166,799,21.0,166.0,0.05,19.95
21,167,547,21.0,167.0,0.0,10.04
21,168,597,21.0,168.0,0.04,20.7
21,169,325,21.0,169.0,0.2,19.08
21,170,74,21.0,170.0,0.1,9.44
21,171,690,21.0,171.0,0.05,15.97
21,172,131,21.0,172.0,0.09,8.88
21,173,341,21.0,173.0,0.0,8.92
21,174,567,21.0,174.0,0.04,10.61
21,175,788,21.0,175.0,0.09,9.13
21,176,30,21.0,176.0,0.08,21.71
21,177,920,21.0,177.0,0.37,14.84
21,178,933,21.0,178.0,0.1,15.09
21,179,470,21.0,179.0,0.11,9.38
21,180,369,21.0,180.0,0.1,5.97
21,181,190,21.0,181.0,0.0,8.89
21,182,685,21.0,182.0,0.07,15.73
21,183,66,21.0,183.0,0.09,12.97
21,184,884,21.0,184.0,0.09,13.82
21,185,351,21.0,185.0,0.05,20.0
21,186,480,21.0,186.0,0.1,9.38
21,187,465,21.0,187.0,0.07,14.93
21,188,926,21.0,188.0,0.1,11.66
21,189,30,21.0,189.0,0.05,15.13
21,190,208,21.0,190.0,0.12,19.22
21,191,711,21.0,191.0,0.09,25.75
21,192,29,21.0,192.0,0.02,15.55
21,193,927,21.0,193.0,0.12,17.49
21,194,327,21.0,194.0,0.0,19.26
21,195,129,21.0,195.0,0.9,15.74
21,196,230,21.0,196.0,0.11,21.1
21,197,137,21.0,197.0,0.1,15.28
21,198,833,21.0,198.0,0.03,26.1
21,199,108,21.0,199.0,0.07,8.54
21,200,201,21.0,200.0,0.0,8.55
21,201,950,21.0,201.0,0.07,21.83
21,202,403,21.0,202.0,0.08,10.68
21,203,816,21.0,203.0,0.11,15.83
21,204,281,21.0,204.0,0.05,10.07
21,205,434,21.0,205.0,0.22,14.28
21,206,85,21.0,206.0,0.18,20.68
21,207,367,21.0,207.0,0.1,9.14
21,208,872,21.0,208.0,0.1,9.31
21,209,781,21.0,209.0,0.41,17.2
21,210,110,21.0,210.0,0.1,12.19
21,211,945,21.0,211.0,0.0,7.12
21,212,431,21.0,212.0,0.1,7.89
21,213,714,21.0,213.0,0.04,17.37
21,214,714,21.0,214.0,0.39,18.01
21,215,589,21.0,215.0,0.0,11.14
21,216,28,21.0,216.0,0.0,13.71
21,217,784,21.0,217.0,0.34,17.2
22,1,168,22.0,1.0,0.0,10.39
22,2,998,22.0,2.0,0.1,14.7
22,3,608,22.0,3.0,0.01,13.87
22,4,578,22.0,4.0,0.1,14.06
22,5,982,22.0,5.0,0.08,13.41
22,6,421,22.0,6.0,0.0,14.82
22,7,20,22.0,7.0,0.03,13.68
22,8,656,22.0,8.0,0.0,12.59
22,9,404,22.0,9.0,0.05,15.81
22,10,614,22.0,10.0,0.01,15.4
22,11,141,22.0,11.0,0.1,13.74
22,12,789,22.0,12.0,0.0,13.13
22,13,644,22.0,13.0,0.1,12.11
22,14,354,22.0,14.0,0.04,14.78
22,15,615,22.0,15.0,0.1,15.21
22,16,17,22.0,16.0,0.0,12.05
22,17,454,22.0,17.0,0.0,13.77
22,18,709,22.0,18.0,0.1,12.98
23,1,138,23.0,1.0,0.0,24.56
23,2,469,23.0,2.0,0.0,23.85
23,3,641,23.0,3.0,0.02,24.34
23,4,33,23.0,4.0,0.2,25.02
23,5,957,23.0,5.0,0.1,24.16
23,6,371,23.0,6.0,0.0,23.15
23,7,936,23.0,7.0,0.04,23.15
23,8,689,23.0,8.0,0.03,24.11
23,9,393,23.0,9.0,0.0,24.07
23,10,254,23.0,10.0,0.07,23.82
23,11,556,23.0,11.0,0.1,24.16
24,1,108,24.0,1.0,0.0,11.01
24,2,815,24.0,2.0,0.0,15.31
24,3,276,24.0,3.0,0.0,18.09
24,4,942,24.0,4.0,0.0,12.33
24,5,861,24.0,5.0,0.0,15.8
24,6,326,24.0,6.0,0.0,13.22
24,7,833,24.0,7.0,0.0,13.89
24,8,128,24.0,8.0,0.0,15.13
24,9,919,24.0,9.0,0.0,11.52
24,10,641,24.0,10.0,0.0,16.59
24,11,230,24.0,11.0,0.0,15.52
24,12,655,24.0,12.0,0.0,18.82
24,13,926,24.0,13.0,0.0,19.76
24,14,308,24.0,14.0,0.0,18.05
24,15,513,24.0,15.0,0.0,12.12
24,16,370,24.0,16.0,0.0,22.13
24,17,350,24.0,17.0,0.0,15.3
24,18,116,24.0,18.0,0.0,16.67
24,19,601,24.0,19.0,0.0,15.56
24,20,993,24.0,20.0,0.0,14.47
24,21,958,24.0,21.0,0.0,11.16
24,22,41,24.0,22.0,0.0,12.5
24,23,647,24.0,23.0,0.0,16.0
24,24,814,24.0,24.0,0.0,16.29
24,25,827,24.0,25.0,0.0,11.39
24,26,46,24.0,26.0,0.0,20.19
24,27,29,24.0,27.0,0.02,13.22
24,28,621,24.0,28.0,0.02,11.71
24,29,822,24.0,29.0,0.0,20.11
24,30,809,24.0,30.0,0.0,13.27
24,31,756,24.0,31.0,0.0,15.94
24,32,797,24.0,32.0,0.04,12.45
24,33,774,24.0,33.0,0.0,12.32
24,34,168,24.0,34.0,0.0,21.59
24,35,471,24.0,35.0,0.0,11.58
24,36,54,24.0,36.0,0.0,16.79
24,37,197,24.0,37.0,0.0,18.04
24,38,942,24.0,38.0,0.0,19.65
24,39,848,24.0,39.0,0.0,20.3
24,40,767,24.0,40.0,0.0,21.3
24,41,133,24.0,41.0,0.0,20.84
24,42,359,24.0,42.0,0.0,20.88
24,43,266,24.0,43.0,0.0,11.48
24,44,746,24.0,44.0,0.0,13.77
24,45,185,24.0,45.0,0.0,12.9
24,46,545,24.0,46.0,0.08,10.93
24,47,624,24.0,47.0,0.0,14.28
24,48,689,24.0,48.0,0.0,13.45
24,49,687,24.0,49.0,0.0,11.78
24,50,390,24.0,50.0,0.1,12.4
24,51,880,24.0,51.0,0.0,13.43
24,52,49,24.0,52.0,0.0,16.48
24,53,871,24.0,53.0,0.0,17.96
24,54,301,24.0,54.0,0.0,15.97
24,55,757,24.0,55.0,0.02,11.75
24,56,536,24.0,56.0,0.0,13.48
24,57,74,24.0,57.0,0.0,17.96
24,58,902,24.0,58.0,0.0,17.26
25,1,117,25.0,1.0,0.0,17.14
25,2,236,25.0,2.0,0.0,16.45
25,3,505,25.0,3.0,0.0,14.94
25,4,355,25.0,4.0,0.0,15.57
25,5,469,25.0,5.0,0.0,15.18
25,6,258,25.0,6.0,0.0,14.9
25,7,100,25.0,7.0,0.0,19.79
25,8,338,25.0,8.0,0.0,15.03
25,9,557,25.0,9.0,0.0,16.9
25,10,228,25.0,10.0,0.0,18.8
25,11,794,25.0,11.0,0.0,17.05
25,12,988,25.0,12.0,0.0,16.09
25,13,899,25.0,13.0,0.0,15.47
25,14,452,25.0,14.0,0.0,16.52
25,15,179,25.0,15.0,0.0,15.29
25,16,54,25.0,16.0,0.0,14.63
25,17,385,25.0,17.0,0.0,17.73
25,18,102,25.0,18.0,0.0,14.99
26,1,552,26.0,1.0,0.0,16.47
26,2,186,26.0,2.0,0.0,12.8
26,3,976,26.0,3.0,0.0,17.51
26,4,198,26.0,4.0,0.0,16.45
26,5,595,26.0,5.0,0.0,11.18
26,6,981,26.0,6.0,0.0,14.81
26,7,342,26.0,7.0,0.0,16.82
26,8,935,26.0,8.0,0.0,13.53
26,9,349,26.0,9.0,0.0,13.49
26,10,723,26.0,10.0,0.0,11.54
26,11,266,26.0,11.0,0.0,14.62
26,12,864,26.0,12.0,0.0,17.28
26,13,190,26.0,13.0,0.0,15.68
26,14,209,26.0,14.0,0.0,16.6
26,15,97,26.0,15.0,0.0,13.5
26,16,357,26.0,16.0,0.0,17.33
26,17,82,26.0,17.0,0.0,16.37
26,18,711,26.0,18.0,0.0,15.8
26,19,606,26.0,19.0,0.0,12.95
26,20,153,26.0,20.0,0.0,18.7
26,21,834,26.0,21.0,0.0,16.91
26,22,859,26.0,22.0,0.0,15.62
26,23,224,26.0,23.0,0.0,15.12
26,24,144,26.0,24.0,0.0,15.65
26,25,167,26.0,25.0,0.0,20.07
26,26,330,26.0,26.0,0.0,14.87
26,27,157,26.0,27.0,0.0,13.81
26,28,742,26.0,28.0,0.0,15.25
26,29,38,26.0,29.0,0.0,19.09
26,30,445,26.0,30.0,0.0,18.5
26,31,337,26.0,31.0,0.0,11.27
26,32,574,26.0,32.0,0.0,15.12
26,33,905,26.0,33.0,0.0,16.7
26,34,214,26.0,34.0,0.0,16.04
26,35,441,26.0,35.0,0.0,15.06
26,36,35,26.0,36.0,0.0,16.02
26,37,969,26.0,37.0,0.0,16.01
26,38,263,26.0,38.0,0.0,16.17
26,39,857,26.0,39.0,0.0,12.06
26,40,363,26.0,40.0,0.0,11.57
26,41,11,26.0,41.0,0.0,14.19
26,42,828,26.0,42.0,0.0,15.6
26,43,530,26.0,43.0,0.0,14.4
26,44,537,26.0,44.0,0.0,12.76
26,45,743,26.0,45.0,0.0,17.18
26,46,878,26.0,46.0,0.0,16.8
26,47,398,26.0,47.0,0.0,17.12
26,48,611,26.0,48.0,0.0,17.31
26,49,466,26.0,49.0,0.0,13.79
26,50,129,26.0,50.0,0.0,17.59
26,51,187,26.0,51.0,0.0,12.39
26,52,940,26.0,52.0,0.0,11.42
26,53,348,26.0,53.0,0.0,16.45
26,54,755,26.0,54.0,0.0,14.05
26,55,916,26.0,55.0,0.0,18.8
26,56,937,26.0,56.0,0.0,19.08
26,57,334,26.0,57.0,0.0,15.27
26,58,658,26.0,58.0,0.0,16.66
26,59,195,26.0,59.0,0.0,13.07
26,60,115,26.0,60.0,0.0,16.02
26,61,541,26.0,61.0,0.0,13.83
26,62,756,26.0,62.0,0.0,15.53
26,63,317,26.0,63.0,0.0,15.7
26,64,495,26.0,64.0,0.0,16.6
26,65,585,26.0,65.0,0.0,16.48
26,66,930,26.0,66.0,0.0,17.46
26,67,226,26.0,67.0,0.0,14.71
26,68,958,26.0,68.0,0.0,15.69
26,69,578,26.0,69.0,0.0,8.59
26,70,643,26.0,70.0,0.0,16.06
26,71,558,26.0,71.0,0.0,15.3
26,72,255,26.0,72.0,0.0,20.01
27,1,565,27.0,1.0,2.3,22.69
27,2,112,27.0,2.0,2.2,24.54
27,3,14,27.0,3.0,0.4,23.79
27,4,490,27.0,4.0,0.51,24.32
27,5,885,27.0,5.0,1.1,23.18
27,6,991,27.0,6.0,0.89,24.45
27,7,499,27.0,7.0,0.4,22.19
27,8,630,27.0,8.0,2.2,24.34
27,9,1000,27.0,9.0,0.09,23.12
27,10,828,27.0,10.0,0.46,24.65
27,11,323,27.0,11.0,0.31,22.74
27,12,713,27.0,12.0,0.24,23.5
27,13,525,27.0,13.0,0.4,24.47
27,14,660,27.0,14.0,1.05,23.91
27,15,273,27.0,15.0,0.17,20.76
27,16,226,27.0,16.0,0.3,21.88
27,17,140,27.0,17.0,2.3,22.99
28,1,667,28.0,1.0,0.0,20.38
28,2,636,28.0,2.0,0.1,21.84
28,3,349,28.0,3.0,0.09,22.91
28,4,871,28.0,4.0,0.0,19.59
28,5,16,28.0,5.0,0.0,17.27
28,6,816,28.0,6.0,0.0,12.56
28,7,968,28.0,7.0,0.0,16.38
28,8,381,28.0,8.0,0.0,18.61
28,9,285,28.0,9.0,0.09,24.18
28,10,968,28.0,10.0,0.0,18.1
28,11,622,28.0,11.0,0.0,17.02
28,12,376,28.0,12.0,0.0,21.25
28,13,596,28.0,13.0,0.0,18.12
28,14,560,28.0,14.0,0.0,17.73
28,15,656,28.0,15.0,0.0,16.41
28,16,23,28.0,16.0,0.0,16.22
28,17,343,28.0,17.0,0.0,12.67
28,18,75,28.0,18.0,0.0,19.29
28,19,331,28.0,19.0,0.0,17.56
28,20,237,28.0,20.0,0.0,15.15
28,21,142,28.0,21.0,0.0,20.8
28,22,815,28.0,22.0,0.0,19.68
28,23,813,28.0,23.0,0.0,17.43
28,24,333,28.0,24.0,0.0,17.08
28,25,284,28.0,25.0,0.0,16.67
28,26,822,28.0,26.0,0.0,10.41
28,27,623,28.0,27.0,0.0,18.12
28,28,562,28.0,28.0,0.0,19.1
28,29,738,28.0,29.0,0.0,17.18
28,30,31,28.0,30.0,0.0,19.42
28,31,54,28.0,31.0,0.0,12.55
28,32,298,28.0,32.0,0.0,16.41
28,33,768,28.0,33.0,0.0,16.63
28,34,239,28.0,34.0,0.0,17.57
28,35,178,28.0,35.0,0.0,20.04
28,36,54,28.0,36.0,0.0,16.18
28,37,282,28.0,37.0,0.1,21.65
28,38,376,28.0,38.0,0.07,23.83
28,39,570,28.0,39.0,0.0,15.57
28,40,150,28.0,40.0,0.0,17.23
28,41,310,28.0,41.0,0.0,16.27
28,42,352,28.0,42.0,0.0,17.11
28,43,100,28.0,43.0,0.0,20.09
29,1,886,29.0,1.0,0.05,9.68
29,2,728,29.0,2.0,0.0,10.01
29,3,43,29.0,3.0,0.03,8.52
29,4,306,29.0,4.0,0.02,8.83
29,5,37,29.0,5.0,0.0,9.12
29,6,599,29.0,6.0,0.03,9.17
29,7,868,29.0,7.0,0.03,10.23
29,8,358,29.0,8.0,0.02,9.77
29,9,905,29.0,9.0,0.0,9.35
29,10,963,29.0,10.0,0.08,10.15
29,11,524,29.0,11.0,0.0,8.9
29,12,609,29.0,12.0,0.05,7.96
29,13,64,29.0,13.0,0.1,9.13
29,14,438,29.0,14.0,0.02,9.19
29,15,931,29.0,15.0,0.05,8.13
29,16,199,29.0,16.0,0.1,10.19
29,17,545,29.0,17.0,0.08,11.25
29,18,449,29.0,18.0,0.05,9.68
29,19,10,29.0,19.0,0.0,7.53
29,20,27,29.0,20.0,0.04,8.14
29,21,502,29.0,21.0,0.05,7.86
29,22,863,29.0,22.0,0.0,11.43
29,23,127,29.0,23.0,0.06,8.6
29,24,375,29.0,24.0,0.03,9.7
29,25,457,29.0,25.0,0.0,11.79
29,26,720,29.0,26.0,0.05,9.68
29,27,159,29.0,27.0,0.08,11.91
29,28,770,29.0,28.0,0.09,10.73
29,29,983,29.0,29.0,0.0,10.5
29,30,934,29.0,30.0,0.03,7.63
29,31,366,29.0,31.0,0.04,8.15
29,32,200,29.0,32.0,0.0,9.88
29,33,512,29.0,33.0,0.03,10.4
29,34,288,29.0,34.0,0.09,8.3
29,35,322,29.0,35.0,0.06,8.37
29,36,289,29.0,36.0,0.02,10.34
29,37,357,29.0,37.0,0.09,10.75
29,38,895,29.0,38.0,0.05,8.98
29,39,77,29.0,39.0,0.06,8.54
29,40,550,29.0,40.0,0.01,9.58
29,41,353,29.0,41.0,0.0,11.43
29,42,447,29.0,42.0,0.0,11.11
29,43,78,29.0,43.0,0.0,9.64
29,44,922,29.0,44.0,0.0,11.11
29,45,300,29.0,45.0,0.03,8.8
29,46,332,29.0,46.0,0.03,7.5
29,47,12,29.0,47.0,0.03,7.48
29,48,570,29.0,48.0,0.0,10.48
29,49,41,29.0,49.0,0.03,9.66
29,50,775,29.0,50.0,0.1,10.14
29,51,630,29.0,51.0,0.0,10.5
29,52,780,29.0,52.0,0.09,9.27
29,53,150,29.0,53.0,0.0,10.5
29,54,242,29.0,54.0,0.0,10.5
29,55,321,29.0,55.0,0.01,9.2
29,56,240,29.0,56.0,0.05,8.59
29,57,188,29.0,57.0,0.0,9.72
29,58,379,29.0,58.0,0.0,11.43
29,59,438,29.0,59.0,0.0,11.43
29,60,161,29.0,60.0,0.0,10.94
30,1,685,30.0,1.0,0.0,12.12
30,2,617,30.0,2.0,0.0,14.85
30,3,39,30.0,3.0,3.3,24.59
30,4,966,30.0,4.0,0.1,21.76
30,5,846,30.0,5.0,1.48,23.89
30,6,370,30.0,6.0,0.64,13.45
30,7,76,30.0,7.0,0.1,23.67
30,8,595,30.0,8.0,0.09,12.46
30,9,310,30.0,9.0,0.1,20.12
30,10,910,30.0,10.0,0.01,11.34
30,11,961,30.0,11.0,2.25,24.53
30,12,235,30.0,12.0,1.68,23.5
30,13,378,30.0,13.0,0.09,20.41
30,14,49,30.0,14.0,0.35,21.57
30,15,379,30.0,15.0,5.94,21.63
30,16,477,30.0,16.0,0.04,24.35
30,17,445,30.0,17.0,0.0,20.74
30,18,731,30.0,18.0,0.28,11.73
30,19,823,30.0,19.0,0.55,15.84
30,20,282,30.0,20.0,0.3,16.09
30,21,529,30.0,21.0,0.35,22.47
30,22,209,30.0,22.0,0.0,15.23
30,23,876,30.0,23.0,0.01,14.09
30,24,985,30.0,24.0,0.1,19.18
30,25,832,30.0,25.0,0.05,11.08
30,26,956,30.0,26.0,0.0,13.75
30,27,718,30.0,27.0,0.1,18.48
30,28,256,30.0,28.0,0.0,24.86
30,29,40,30.0,29.0,0.1,11.22
30,30,979,30.0,30.0,0.23,13.67
30,31,212,30.0,31.0,0.31,24.32
30,32,984,30.0,32.0,8.2,19.04
30,33,336,30.0,33.0,0.13,21.1
30,34,934,30.0,34.0,0.02,20.27
30,35,637,30.0,35.0,0.0,19.7
30,36,666,30.0,36.0,0.0,13.33
30,37,747,30.0,37.0,0.02,17.78
30,38,829,30.0,38.0,0.03,14.84
30,39,19,30.0,39.0,1.01,24.61
30,40,250,30.0,40.0,0.01,19.44
30,41,29,30.0,41.0,0.29,20.98
30,42,120,30.0,42.0,0.03,19.03
30,43,593,30.0,43.0,0.09,22.28
30,44,257,30.0,44.0,0.2,19.32
30,45,620,30.0,45.0,1.42,23.45
30,46,762,30.0,46.0,0.05,15.64
30,47,283,30.0,47.0,0.07,14.39
30,48,709,30.0,48.0,1.71,24.63
30,49,310,30.0,49.0,0.2,24.56
30,50,746,30.0,50.0,0.03,18.79
30,51,559,30.0,51.0,0.01,18.48
30,52,308,30.0,52.0,0.4,23.5
30,53,168,30.0,53.0,0.4,24.09
30,54,177,30.0,54.0,2.26,23.41
30,55,617,30.0,55.0,0.0,20.32
30,56,577,30.0,56.0,0.0,20.45
30,57,679,30.0,57.0,0.05,15.76
30,58,924,30.0,58.0,0.05,19.98
30,59,223,30.0,59.0,1.5,24.24
30,60,990,30.0,60.0,0.09,21.01
30,61,888,30.0,61.0,2.08,23.94
30,62,217,30.0,62.0,0.0,16.41
30,63,99,30.0,63.0,0.02,19.89
30,64,653,30.0,64.0,0.0,17.03
30,65,57,30.0,65.0,0.06,19.59
30,66,107,30.0,66.0,0.07,18.51
30,67,25,30.0,67.0,0.03,16.46
30,68,145,30.0,68.0,0.12,18.04
30,69,234,30.0,69.0,0.09,21.07
30,70,517,30.0,70.0,7.1,24.79
30,71,81,30.0,71.0,0.07,17.04
30,72,413,30.0,72.0,0.4,11.85
30,73,71,30.0,73.0,3.55,22.69
30,74,942,30.0,74.0,0.2,14.91
30,75,903,30.0,75.0,0.79,24.14
30,76,44,30.0,76.0,0.22,15.28
30,77,107,30.0,77.0,2.3,23.44
30,78,925,30.0,78.0,0.0,19.6
30,79,488,30.0,79.0,0.03,13.19
30,80,936,30.0,80.0,0.11,18.77
30,81,954,30.0,81.0,0.0,12.37
30,82,753,30.0,82.0,0.85,24.51
30,83,870,30.0,83.0,0.05,19.15
30,84,682,30.0,84.0,1.3,23.75
30,85,428,30.0,85.0,0.18,17.52
30,86,411,30.0,86.0,0.05,10.01
30,87,243,30.0,87.0,0.02,15.35
30,88,138,30.0,88.0,0.08,19.82
30,89,18,30.0,89.0,3.63,25.08
30,90,858,30.0,90.0,0.1,24.63
30,91,589,30.0,91.0,7.1,23.91
30,92,935,30.0,92.0,0.03,13.15
30,93,910,30.0,93.0,0.0,15.36
30,94,707,30.0,94.0,2.85,23.81
30,95,601,30.0,95.0,0.08,18.91
30,96,540,30.0,96.0,0.0,14.36
30,97,50,30.0,97.0,3.56,23.09
30,98,942,30.0,98.0,0.18,17.15
30,99,701,30.0,99.0,0.28,11.52
30,100,599,30.0,100.0,0.1,24.23
30,101,554,30.0,101.0,0.0,12.86
30,102,783,30.0,102.0,0.05,18.71
30,103,155,30.0,103.0,0.0,16.75
30,104,557,30.0,104.0,6.02,21.07
30,105,361,30.0,105.0,0.1,24.65
30,106,605,30.0,106.0,0.0,14.85
30,107,366,30.0,107.0,0.0,10.41
30,108,53,30.0,108.0,3.5,24.76
30,109,781,30.0,109.0,0.01,17.45
30,110,745,30.0,110.0,0.28,17.84
30,111,586,30.0,111.0,1.04,24.58
30,112,792,30.0,112.0,0.0,15.42
30,113,909,30.0,113.0,0.24,19.75
30,114,943,30.0,114.0,0.0,20.53
30,115,313,30.0,115.0,0.23,13.16
30,116,619,30.0,116.0,2.86,25.37
30,117,861,30.0,117.0,0.4,23.48
30,118,688,30.0,118.0,0.0,15.6
30,119,683,30.0,119.0,1.38,23.2
30,120,765,30.0,120.0,1.03,24.65
30,121,116,30.0,121.0,0.19,22.15
30,122,384,30.0,122.0,1.35,22.13
30,123,178,30.0,123.0,0.05,22.62
30,124,589,30.0,124.0,0.1,19.79
30,125,306,30.0,125.0,0.29,23.52
30,126,49,30.0,126.0,0.05,23.56
30,127,443,30.0,127.0,0.14,10.66
30,128,146,30.0,128.0,0.07,9.55
30,129,104,30.0,129.0,0.0,20.4
30,130,992,30.0,130.0,2.24,23.23
30,131,651,30.0,131.0,0.01,19.82
30,132,35,30.0,132.0,0.0,11.22
30,133,450,30.0,133.0,0.11,23.86
30,134,295,30.0,134.0,0.1,22.53
30,135,181,30.0,135.0,0.13,17.2
30,136,468,30.0,136.0,0.0,12.7
30,137,265,30.0,137.0,0.3,16.71
30,138,823,30.0,138.0,0.0,14.07
30,139,667,30.0,139.0,3.5,22.9
30,140,853,30.0,140.0,0.23,16.23
30,141,645,30.0,141.0,8.09,20.95
30,142,775,30.0,142.0,5.26,24.41
30,143,78,30.0,143.0,6.17,22.4
30,144,215,30.0,144.0,6.0,24.95
30,145,816,30.0,145.0,2.14,24.78
30,146,506,30.0,146.0,0.07,18.12
30,147,586,30.0,147.0,0.55,14.93
30,148,134,30.0,148.0,0.09,23.99
30,149,605,30.0,149.0,4.04,20.13
30,150,615,30.0,150.0,0.13,22.39
30,151,753,30.0,151.0,0.13,22.34
30,152,219,30.0,152.0,0.2,23.97
30,153,502,30.0,153.0,0.05,19.75
30,154,911,30.0,154.0,0.09,20.79
30,155,73,30.0,155.0,0.01,20.21
30,156,700,30.0,156.0,0.0,11.38
30,157,645,30.0,157.0,0.0,20.38
30,158,760,30.0,158.0,0.11,21.37
30,159,888,30.0,159.0,0.44,16.22
30,160,906,30.0,160.0,0.05,20.95
30,161,957,30.0,161.0,0.0,20.72
30,162,861,30.0,162.0,0.09,19.24
30,163,621,30.0,163.0,0.0,14.14
30,164,856,30.0,164.0,0.0,17.01
30,165,356,30.0,165.0,0.1,20.72
30,166,116,30.0,166.0,0.02,16.73
30,167,850,30.0,167.0,0.01,20.26
30,168,698,30.0,168.0,0.2,17.42
30,169,634,30.0,169.0,2.4,23.4
30,170,287,30.0,170.0,0.28,14.63
30,171,427,30.0,171.0,0.37,16.27
30,172,203,30.0,172.0,6.74,25.21
30,173,892,30.0,173.0,0.36,22.56
30,174,840,30.0,174.0,0.96,24.29
30,175,436,30.0,175.0,0.05,20.4
30,176,220,30.0,176.0,1.72,23.31
30,177,397,30.0,177.0,0.0,12.31
30,178,418,30.0,178.0,2.3,23.54
30,179,178,30.0,179.0,0.09,21.27
30,180,537,30.0,180.0,0.09,16.57
30,181,26,30.0,181.0,0.41,24.38
30,182,318,30.0,182.0,0.0,12.87
30,183,356,30.0,183.0,0.03,16.34
30,184,711,30.0,184.0,0.46,15.94
30,185,944,30.0,185.0,0.16,16.06
30,186,665,30.0,186.0,0.03,17.16
30,187,685,30.0,187.0,0.0,13.74
30,188,279,30.0,188.0,0.09,18.78
30,189,803,30.0,189.0,0.12,21.81
30,190,519,30.0,190.0,1.72,23.38
30,191,208,30.0,191.0,0.04,23.61
30,192,333,30.0,192.0,0.08,21.39
30,193,431,30.0,193.0,0.06,24.6
30,194,551,30.0,194.0,0.0,9.74
30,195,536,30.0,195.0,0.46,15.57
30,196,214,30.0,196.0,0.36,23.17
30,197,479,30.0,197.0,0.02,16.75
30,198,170,30.0,198.0,0.3,13.24
30,199,248,30.0,199.0,1.37,24.83
30,200,12,30.0,200.0,0.12,22.18
30,201,401,30.0,201.0,0.31,19.65
30,202,176,30.0,202.0,0.14,16.53
30,203,436,30.0,203.0,0.0,15.93
30,204,153,30.0,204.0,1.66,24.63
30,205,769,30.0,205.0,0.0,21.36
30,206,561,30.0,206.0,0.41,24.43
30,207,515,30.0,207.0,1.05,23.74
30,208,360,30.0,208.0,1.64,23.62
30,209,348,30.0,209.0,4.4,19.62
30,210,622,30.0,210.0,5.33,23.51
30,211,17,30.0,211.0,0.01,20.51
30,212,597,30.0,212.0,2.1,22.86
31,1,967,31.0,1.0,0.0,22.67
31,2,300,31.0,2.0,0.0,22.85
31,3,483,31.0,3.0,0.0,22.38
31,4,782,31.0,4.0,0.0,22.63
31,5,673,31.0,5.0,0.0,22.66
31,6,721,31.0,6.0,0.0,22.32
31,7,822,31.0,7.0,0.0,22.71
31,8,255,31.0,8.0,0.0,22.23
31,9,752,31.0,9.0,0.0,22.26
31,10,667,31.0,10.0,0.0,22.04
31,11,658,31.0,11.0,0.0,24.62
31,12,639,31.0,12.0,0.0,22.42
31,13,234,31.0,13.0,0.0,22.91
31,14,967,31.0,14.0,0.0,22.99
31,15,964,31.0,15.0,0.0,22.78
31,16,413,31.0,16.0,0.0,21.48
31,17,491,31.0,17.0,0.0,22.68
31,18,348,31.0,18.0,0.0,22.27
31,19,374,31.0,19.0,0.0,22.83
31,20,827,31.0,20.0,0.0,22.98
31,21,784,31.0,21.0,0.08,23.03
31,22,680,31.0,22.0,0.0,22.54
31,23,791,31.0,23.0,0.0,23.2
31,24,104,31.0,24.0,0.0,22.04
31,25,182,31.0,25.0,0.0,22.48
31,26,603,31.0,26.0,0.0,22.5
31,27,173,31.0,27.0,0.0,22.54
31,28,398,31.0,28.0,0.0,22.94
31,29,905,31.0,29.0,0.0,22.55
31,30,873,31.0,30.0,0.0,22.65
31,31,621,31.0,31.0,0.0,22.25
31,32,125,31.0,32.0,0.0,22.38
31,33,601,31.0,33.0,0.0,24.62
31,34,177,31.0,34.0,0.0,22.84
31,35,54,31.0,35.0,0.0,22.67
31,36,207,31.0,36.0,0.0,22.63
31,37,994,31.0,37.0,0.0,22.53
31,38,547,31.0,38.0,0.0,23.91
31,39,857,31.0,39.0,0.0,23.13
31,40,512,31.0,40.0,0.0,22.55
31,41,217,31.0,41.0,0.0,22.85
31,42,632,31.0,42.0,0.0,22.56
31,43,928,31.0,43.0,0.0,22.87
31,44,791,31.0,44.0,0.0,23.94
31,45,863,31.0,45.0,0.0,23.39
31,46,683,31.0,46.0,0.0,22.16
31,47,162,31.0,47.0,0.0,22.32
31,48,279,31.0,48.0,0.0,23.99
31,49,766,31.0,49.0,0.0,22.12
31,50,329,31.0,50.0,0.0,23.0
31,51,680,31.0,51.0,0.0,22.75
31,52,394,31.0,52.0,0.0,22.43
31,53,364,31.0,53.0,0.0,22.65
31,54,840,31.0,54.0,0.0,22.63
31,55,979,31.0,55.0,0.0,22.96
31,56,867,31.0,56.0,0.0,22.55
31,57,766,31.0,57.0,0.0,22.71
31,58,801,31.0,58.0,0.0,21.97
31,59,433,31.0,59.0,0.06,24.89
31,60,718,31.0,60.0,0.0,22.62
31,61,670,31.0,61.0,0.01,23.86
31,62,12,31.0,62.0,0.0,22.5
31,63,565,31.0,63.0,0.0,23.32
31,64,398,31.0,64.0,0.0,22.84
31,65,759,31.0,65.0,0.0,23.33
31,66,922,31.0,66.0,0.0,22.94
31,67,119,31.0,67.0,0.0,22.88
31,68,970,31.0,68.0,0.0,22.6
31,69,622,31.0,69.0,0.0,22.4
31,70,735,31.0,70.0,0.0,22.45
31,71,254,31.0,71.0,0.0,22.64
31,72,461,31.0,72.0,0.0,22.4
31,73,692,31.0,73.0,0.0,21.88
31,74,458,31.0,74.0,0.0,22.77
31,75,809,31.0,75.0,0.0,22.06
31,76,604,31.0,76.0,0.0,22.61
31,77,485,31.0,77.0,0.0,22.36
31,78,60,31.0,78.0,0.0,22.6
31,79,53,31.0,79.0,0.0,21.52
31,80,624,31.0,80.0,0.0,22.25
31,81,465,31.0,81.0,0.0,22.91
31,82,328,31.0,82.0,0.0,22.17
31,83,301,31.0,83.0,0.0,22.67
31,84,734,31.0,84.0,0.0,22.18
31,85,424,31.0,85.0,0.0,22.56
31,86,218,31.0,86.0,0.0,22.38
31,87,460,31.0,87.0,0.0,23.7
31,88,623,31.0,88.0,0.0,22.57
31,89,572,31.0,89.0,0.0,22.95
31,90,77,31.0,90.0,0.0,22.73
31,91,884,31.0,91.0,0.0,22.74
31,92,519,31.0,92.0,0.04,22.89
31,93,561,31.0,93.0,0.0,22.8
31,94,231,31.0,94.0,0.0,21.65
31,95,604,31.0,95.0,0.0,22.84
31,96,461,31.0,96.0,0.03,22.79
31,97,604,31.0,97.0,0.0,22.56
31,98,694,31.0,98.0,0.0,21.42
31,99,843,31.0,99.0,0.0,22.71
31,100,182,31.0,100.0,0.0,23.0
31,101,582,31.0,101.0,0.0,22.9
31,102,559,31.0,102.0,0.06,22.86
31,103,967,31.0,103.0,0.0,22.63
31,104,832,31.0,104.0,0.0,22.39
31,105,377,31.0,105.0,0.0,22.75
31,106,441,31.0,106.0,0.0,22.67
32,1,405,32.0,1.0,0.0,16.01
32,2,998,32.0,2.0,0.0,15.56
32,3,930,32.0,3.0,0.0,13.75
32,4,971,32.0,4.0,0.0,14.4
32,5,950,32.0,5.0,0.0,11.08
32,6,940,32.0,6.0,0.0,12.66
32,7,667,32.0,7.0,0.08,12.68
32,8,413,32.0,8.0,0.0,12.38
32,9,648,32.0,9.0,0.0,11.28
32,10,194,32.0,10.0,0.0,12.44
32,11,687,32.0,11.0,0.0,17.73
32,12,124,32.0,12.0,0.0,10.29
32,13,641,32.0,13.0,0.0,10.91
32,14,818,32.0,14.0,0.0,14.38
32,15,906,32.0,15.0,0.0,13.87
32,16,740,32.0,16.0,0.0,12.13
32,17,156,32.0,17.0,0.0,11.41
32,18,547,32.0,18.0,0.0,15.03
32,19,407,32.0,19.0,0.0,15.66
32,20,715,32.0,20.0,0.0,12.38
32,21,525,32.0,21.0,0.0,9.86
32,22,81,32.0,22.0,0.0,13.76
32,23,824,32.0,23.0,0.0,16.08
32,24,164,32.0,24.0,0.0,12.04
32,25,773,32.0,25.0,0.0,13.09
32,26,57,32.0,26.0,0.2,13.9
32,27,88,32.0,27.0,0.2,13.85
32,28,436,32.0,28.0,0.0,17.67
32,29,860,32.0,29.0,0.0,13.7
32,30,255,32.0,30.0,0.0,14.06
32,31,519,32.0,31.0,0.0,14.26
32,32,166,32.0,32.0,0.0,10.86
32,33,377,32.0,33.0,0.0,16.98
32,34,193,32.0,34.0,0.0,15.48
32,35,312,32.0,35.0,0.0,11.59
32,36,162,32.0,36.0,0.0,12.49
32,37,972,32.0,37.0,0.0,11.45
32,38,628,32.0,38.0,0.02,10.84
32,39,688,32.0,39.0,0.0,13.54
32,40,983,32.0,40.0,0.0,13.37
32,41,909,32.0,41.0,0.0,12.44
32,42,217,32.0,42.0,0.0,13.65
32,43,44,32.0,43.0,0.0,12.72
32,44,888,32.0,44.0,0.0,13.86
32,45,446,32.0,45.0,0.0,13.82
32,46,96,32.0,46.0,0.0,13.29
32,47,837,32.0,47.0,0.0,16.02
32,48,647,32.0,48.0,0.0,13.89
32,49,297,32.0,49.0,0.0,13.22
32,50,769,32.0,50.0,0.0,11.01
32,51,928,32.0,51.0,0.0,13.39
32,52,685,32.0,52.0,0.0,11.99
32,53,794,32.0,53.0,0.0,11.66
32,54,218,32.0,54.0,0.0,10.7
32,55,484,32.0,55.0,0.0,11.69
32,56,214,32.0,56.0,0.0,10.72
32,57,721,32.0,57.0,0.0,12.02
32,58,761,32.0,58.0,0.0,14.44
